ID,Title,Description,Link,Image URL,Board,Category,Status
1,Don't Start Your Hardwood Flooring Before Using This Formula! 📐,"Planning a DIY renovation? Calculate exact material quantities, box packaging, and cutting waste in seconds with CraftCalc. Tap the link to run the numbers 100% free! 🛠️ #DIY #HomeRenovation #DIYProjects #HomeImprovement #FlooringTips #CraftCalc #RemodelHacks",https://tool-1-pied.vercel.app/calculators/flooring/flooring-calculator,https://images.unsplash.com/photo-1581858726788-75bc0f6a952d?auto=format&fit=crop&w=1000&q=80,DIY Flooring & Tile Ideas,Flooring,Ready
2,How Much Engineered Wood Do You REALLY Need? [Free Estimator],"Never get stuck with material shortages mid-project! This contractor-verified calculator factors in perimeter cuts, diagonal waste, and whole carton rounding. Save this pin and tap to calculate free! 🏡 #HomeDecor #RenovationLife #ContractorHacks #DIYHome #HouseRemodel #FlooringDIY",https://tool-1-pied.vercel.app/calculators/flooring/flooring-calculator,https://images.unsplash.com/photo-1513694203232-719a280e022f?auto=format&fit=crop&w=1000&q=80,DIY Flooring & Tile Ideas,Flooring,Ready
3,The 1-Minute Hardwood & Flooring Estimator Cheat Sheet Every DIYer Needs,"Before buying building materials, make sure you have the exact formula. Accurately calculate surface square footage, packaging units, and budget estimates in 1 click. Tap the pin to get started! 📌 #DIYInspiration #HouseMakeover #FlooringIdeas #BuildingMaterials #BudgetRenovation #CraftCalc",https://tool-1-pied.vercel.app/calculators/flooring/flooring-calculator,https://images.unsplash.com/photo-1600585154340-be6161a56a0c?auto=format&fit=crop&w=1000&q=80,DIY Flooring & Tile Ideas,Flooring,Ready
4,Avoid Costly Material Shortages: Hardwood & Flooring Estimator Matrix,The exact mathematical cheat sheet for homeowners and DIYers. Avoid running out of materials or overspending on excess stock. Instant 2-way metric & imperial calculations! 📐 #ConstructionMath #HomeRepair #DIYHacks #HomeImprovementTips #CraftCalcTools #FlooringGoals,https://tool-1-pied.vercel.app/calculators/flooring/flooring-calculator,https://images.unsplash.com/photo-1516455590571-18256e5bb9ff?auto=format&fit=crop&w=1000&q=80,DIY Flooring & Tile Ideas,Flooring,Ready
5,How to Calculate Flooring Installation Math Without Waste or Guesswork,"Renovating on a budget? This smart trade calculator estimates exact quantities, bags, and cartons needed for your project with zero guesswork. Click to use the tool free! 💡 #RenovationBudget #SmartDIY #HomeImprovementIdeas #FlooringInspo #CraftCalc #ContractorApproved",https://tool-1-pied.vercel.app/calculators/flooring/flooring-calculator,https://images.unsplash.com/photo-1595428774223-ef52624120d2?auto=format&fit=crop&w=1000&q=80,DIY Flooring & Tile Ideas,Flooring,Ready
6,Contractor Secret: The Exact Math for Bathroom Tile 🛠️,"Planning a DIY renovation? Calculate exact material quantities, box packaging, and cutting waste in seconds with CraftCalc. Tap the link to run the numbers 100% free! 🛠️ #DIY #HomeRenovation #DIYProjects #HomeImprovement #FlooringTips #CraftCalc #RemodelHacks",https://tool-1-pied.vercel.app/calculators/flooring/tile-calculator,https://images.unsplash.com/photo-1600566753376-12c8ab7fb75b?auto=format&fit=crop&w=1000&q=80,DIY Flooring & Tile Ideas,Flooring,Ready
7,Stop Overpaying at Home Depot: Use This Tile & Mortar Estimator,"Never get stuck with material shortages mid-project! This contractor-verified calculator factors in perimeter cuts, diagonal waste, and whole carton rounding. Save this pin and tap to calculate free! 🏡 #HomeDecor #RenovationLife #ContractorHacks #DIYHome #HouseRemodel #FlooringDIY",https://tool-1-pied.vercel.app/calculators/flooring/tile-calculator,https://images.unsplash.com/photo-1502005229762-ee1b2b8ab98f?auto=format&fit=crop&w=1000&q=80,DIY Flooring & Tile Ideas,Flooring,Ready
8,Step-by-Step Tile & Mortar Estimator with Real-World Waste Buffers,"Before buying building materials, make sure you have the exact formula. Accurately calculate surface square footage, packaging units, and budget estimates in 1 click. Tap the pin to get started! 📌 #DIYInspiration #HouseMakeover #FlooringIdeas #BuildingMaterials #BudgetRenovation #CraftCalc",https://tool-1-pied.vercel.app/calculators/flooring/tile-calculator,https://images.unsplash.com/photo-1584622650111-993a426fbf0a?auto=format&fit=crop&w=1000&q=80,DIY Flooring & Tile Ideas,Flooring,Ready
9,How Many Boxes/Bags of Grout Bag Calculator Do You Need? [Formula Inside],The exact mathematical cheat sheet for homeowners and DIYers. Avoid running out of materials or overspending on excess stock. Instant 2-way metric & imperial calculations! 📐 #ConstructionMath #HomeRepair #DIYHacks #HomeImprovementTips #CraftCalcTools #FlooringGoals,https://tool-1-pied.vercel.app/calculators/flooring/tile-calculator,https://images.unsplash.com/photo-1512917774080-9991f1c4c750?auto=format&fit=crop&w=1000&q=80,DIY Flooring & Tile Ideas,Flooring,Ready
10,The Ultimate DIY Cheat Sheet for Shower Floor Tile ✨,"Renovating on a budget? This smart trade calculator estimates exact quantities, bags, and cartons needed for your project with zero guesswork. Click to use the tool free! 💡 #RenovationBudget #SmartDIY #HomeImprovementIdeas #FlooringInspo #CraftCalc #ContractorApproved",https://tool-1-pied.vercel.app/calculators/flooring/tile-calculator,https://images.unsplash.com/photo-1618221195710-dd6b41faaea6?auto=format&fit=crop&w=1000&q=80,DIY Flooring & Tile Ideas,Flooring,Ready
11,Don't Start Your Laminate Floor Packs Before Using This Formula! 📐,"Planning a DIY renovation? Calculate exact material quantities, box packaging, and cutting waste in seconds with CraftCalc. Tap the link to run the numbers 100% free! 🛠️ #DIY #HomeRenovation #DIYProjects #HomeImprovement #FlooringTips #CraftCalc #RemodelHacks",https://tool-1-pied.vercel.app/calculators/flooring/laminate-calculator,https://images.unsplash.com/photo-1581858726788-75bc0f6a952d?auto=format&fit=crop&w=1000&q=80,DIY Flooring & Tile Ideas,Flooring,Ready
12,How Much Foam Underlayment Rolls Do You REALLY Need? [Free Estimator],"Never get stuck with material shortages mid-project! This contractor-verified calculator factors in perimeter cuts, diagonal waste, and whole carton rounding. Save this pin and tap to calculate free! 🏡 #HomeDecor #RenovationLife #ContractorHacks #DIYHome #HouseRemodel #FlooringDIY",https://tool-1-pied.vercel.app/calculators/flooring/laminate-calculator,https://images.unsplash.com/photo-1513694203232-719a280e022f?auto=format&fit=crop&w=1000&q=80,DIY Flooring & Tile Ideas,Flooring,Ready
13,The 1-Minute Laminate & Underlayment Estimator Cheat Sheet Every DIYer Needs,"Before buying building materials, make sure you have the exact formula. Accurately calculate surface square footage, packaging units, and budget estimates in 1 click. Tap the pin to get started! 📌 #DIYInspiration #HouseMakeover #FlooringIdeas #BuildingMaterials #BudgetRenovation #CraftCalc",https://tool-1-pied.vercel.app/calculators/flooring/laminate-calculator,https://images.unsplash.com/photo-1600585154340-be6161a56a0c?auto=format&fit=crop&w=1000&q=80,DIY Flooring & Tile Ideas,Flooring,Ready
14,Avoid Costly Material Shortages: Laminate & Underlayment Estimator Matrix,The exact mathematical cheat sheet for homeowners and DIYers. Avoid running out of materials or overspending on excess stock. Instant 2-way metric & imperial calculations! 📐 #ConstructionMath #HomeRepair #DIYHacks #HomeImprovementTips #CraftCalcTools #FlooringGoals,https://tool-1-pied.vercel.app/calculators/flooring/laminate-calculator,https://images.unsplash.com/photo-1516455590571-18256e5bb9ff?auto=format&fit=crop&w=1000&q=80,DIY Flooring & Tile Ideas,Flooring,Ready
15,How to Calculate Budget Flooring Diy Without Waste or Guesswork,"Renovating on a budget? This smart trade calculator estimates exact quantities, bags, and cartons needed for your project with zero guesswork. Click to use the tool free! 💡 #RenovationBudget #SmartDIY #HomeImprovementIdeas #FlooringInspo #CraftCalc #ContractorApproved",https://tool-1-pied.vercel.app/calculators/flooring/laminate-calculator,https://images.unsplash.com/photo-1595428774223-ef52624120d2?auto=format&fit=crop&w=1000&q=80,DIY Flooring & Tile Ideas,Flooring,Ready
16,Contractor Secret: The Exact Math for Lvp Flooring Boxes 🛠️,"Planning a DIY renovation? Calculate exact material quantities, box packaging, and cutting waste in seconds with CraftCalc. Tap the link to run the numbers 100% free! 🛠️ #DIY #HomeRenovation #DIYProjects #HomeImprovement #FlooringTips #CraftCalc #RemodelHacks",https://tool-1-pied.vercel.app/calculators/flooring/vinyl-flooring-calculator,https://images.unsplash.com/photo-1600566753376-12c8ab7fb75b?auto=format&fit=crop&w=1000&q=80,DIY Flooring & Tile Ideas,Flooring,Ready
17,Stop Overpaying at Home Depot: Use This Luxury Vinyl Plank (LVP) Estimator,"Never get stuck with material shortages mid-project! This contractor-verified calculator factors in perimeter cuts, diagonal waste, and whole carton rounding. Save this pin and tap to calculate free! 🏡 #HomeDecor #RenovationLife #ContractorHacks #DIYHome #HouseRemodel #FlooringDIY",https://tool-1-pied.vercel.app/calculators/flooring/vinyl-flooring-calculator,https://images.unsplash.com/photo-1502005229762-ee1b2b8ab98f?auto=format&fit=crop&w=1000&q=80,DIY Flooring & Tile Ideas,Flooring,Ready
18,Step-by-Step Luxury Vinyl Plank (LVP) Estimator with Real-World Waste Buffers,"Before buying building materials, make sure you have the exact formula. Accurately calculate surface square footage, packaging units, and budget estimates in 1 click. Tap the pin to get started! 📌 #DIYInspiration #HouseMakeover #FlooringIdeas #BuildingMaterials #BudgetRenovation #CraftCalc",https://tool-1-pied.vercel.app/calculators/flooring/vinyl-flooring-calculator,https://images.unsplash.com/photo-1584622650111-993a426fbf0a?auto=format&fit=crop&w=1000&q=80,DIY Flooring & Tile Ideas,Flooring,Ready
19,How Many Boxes/Bags of Kitchen Vinyl Do You Need? [Formula Inside],The exact mathematical cheat sheet for homeowners and DIYers. Avoid running out of materials or overspending on excess stock. Instant 2-way metric & imperial calculations! 📐 #ConstructionMath #HomeRepair #DIYHacks #HomeImprovementTips #CraftCalcTools #FlooringGoals,https://tool-1-pied.vercel.app/calculators/flooring/vinyl-flooring-calculator,https://images.unsplash.com/photo-1512917774080-9991f1c4c750?auto=format&fit=crop&w=1000&q=80,DIY Flooring & Tile Ideas,Flooring,Ready
20,The Ultimate DIY Cheat Sheet for Plank Layout Calculator ✨,"Renovating on a budget? This smart trade calculator estimates exact quantities, bags, and cartons needed for your project with zero guesswork. Click to use the tool free! 💡 #RenovationBudget #SmartDIY #HomeImprovementIdeas #FlooringInspo #CraftCalc #ContractorApproved",https://tool-1-pied.vercel.app/calculators/flooring/vinyl-flooring-calculator,https://images.unsplash.com/photo-1618221195710-dd6b41faaea6?auto=format&fit=crop&w=1000&q=80,DIY Flooring & Tile Ideas,Flooring,Ready
21,Don't Start Your Carpet Roll Square Yards Before Using This Formula! 📐,"Planning a DIY renovation? Calculate exact material quantities, box packaging, and cutting waste in seconds with CraftCalc. Tap the link to run the numbers 100% free! 🛠️ #DIY #HomeRenovation #DIYProjects #HomeImprovement #FlooringTips #CraftCalc #RemodelHacks",https://tool-1-pied.vercel.app/calculators/flooring/carpet-calculator,https://images.unsplash.com/photo-1581858726788-75bc0f6a952d?auto=format&fit=crop&w=1000&q=80,DIY Flooring & Tile Ideas,Flooring,Ready
22,How Much Carpet Padding Thickness Do You REALLY Need? [Free Estimator],"Never get stuck with material shortages mid-project! This contractor-verified calculator factors in perimeter cuts, diagonal waste, and whole carton rounding. Save this pin and tap to calculate free! 🏡 #HomeDecor #RenovationLife #ContractorHacks #DIYHome #HouseRemodel #FlooringDIY",https://tool-1-pied.vercel.app/calculators/flooring/carpet-calculator,https://images.unsplash.com/photo-1513694203232-719a280e022f?auto=format&fit=crop&w=1000&q=80,DIY Flooring & Tile Ideas,Flooring,Ready
23,The 1-Minute Carpet & Padding Estimator Cheat Sheet Every DIYer Needs,"Before buying building materials, make sure you have the exact formula. Accurately calculate surface square footage, packaging units, and budget estimates in 1 click. Tap the pin to get started! 📌 #DIYInspiration #HouseMakeover #FlooringIdeas #BuildingMaterials #BudgetRenovation #CraftCalc",https://tool-1-pied.vercel.app/calculators/flooring/carpet-calculator,https://images.unsplash.com/photo-1600585154340-be6161a56a0c?auto=format&fit=crop&w=1000&q=80,DIY Flooring & Tile Ideas,Flooring,Ready
24,Avoid Costly Material Shortages: Carpet & Padding Estimator Matrix,The exact mathematical cheat sheet for homeowners and DIYers. Avoid running out of materials or overspending on excess stock. Instant 2-way metric & imperial calculations! 📐 #ConstructionMath #HomeRepair #DIYHacks #HomeImprovementTips #CraftCalcTools #FlooringGoals,https://tool-1-pied.vercel.app/calculators/flooring/carpet-calculator,https://images.unsplash.com/photo-1516455590571-18256e5bb9ff?auto=format&fit=crop&w=1000&q=80,DIY Flooring & Tile Ideas,Flooring,Ready
25,How to Calculate Carpet Seam Layout Without Waste or Guesswork,"Renovating on a budget? This smart trade calculator estimates exact quantities, bags, and cartons needed for your project with zero guesswork. Click to use the tool free! 💡 #RenovationBudget #SmartDIY #HomeImprovementIdeas #FlooringInspo #CraftCalc #ContractorApproved",https://tool-1-pied.vercel.app/calculators/flooring/carpet-calculator,https://images.unsplash.com/photo-1595428774223-ef52624120d2?auto=format&fit=crop&w=1000&q=80,DIY Flooring & Tile Ideas,Flooring,Ready
26,Contractor Secret: The Exact Math for Herringbone Waste Factor 🛠️,"Planning a DIY renovation? Calculate exact material quantities, box packaging, and cutting waste in seconds with CraftCalc. Tap the link to run the numbers 100% free! 🛠️ #DIY #HomeRenovation #DIYProjects #HomeImprovement #FlooringTips #CraftCalc #RemodelHacks",https://tool-1-pied.vercel.app/calculators/flooring/flooring-waste-calculator,https://images.unsplash.com/photo-1600566753376-12c8ab7fb75b?auto=format&fit=crop&w=1000&q=80,DIY Flooring & Tile Ideas,Flooring,Ready
27,Stop Overpaying at Home Depot: Use This Flooring Waste & Pattern Buffer Estimator,"Never get stuck with material shortages mid-project! This contractor-verified calculator factors in perimeter cuts, diagonal waste, and whole carton rounding. Save this pin and tap to calculate free! 🏡 #HomeDecor #RenovationLife #ContractorHacks #DIYHome #HouseRemodel #FlooringDIY",https://tool-1-pied.vercel.app/calculators/flooring/flooring-waste-calculator,https://images.unsplash.com/photo-1502005229762-ee1b2b8ab98f?auto=format&fit=crop&w=1000&q=80,DIY Flooring & Tile Ideas,Flooring,Ready
28,Step-by-Step Flooring Waste & Pattern Buffer Estimator with Real-World Waste Buffers,"Before buying building materials, make sure you have the exact formula. Accurately calculate surface square footage, packaging units, and budget estimates in 1 click. Tap the pin to get started! 📌 #DIYInspiration #HouseMakeover #FlooringIdeas #BuildingMaterials #BudgetRenovation #CraftCalc",https://tool-1-pied.vercel.app/calculators/flooring/flooring-waste-calculator,https://images.unsplash.com/photo-1584622650111-993a426fbf0a?auto=format&fit=crop&w=1000&q=80,DIY Flooring & Tile Ideas,Flooring,Ready
29,How Many Boxes/Bags of Multi-Room Waste Buffer Do You Need? [Formula Inside],The exact mathematical cheat sheet for homeowners and DIYers. Avoid running out of materials or overspending on excess stock. Instant 2-way metric & imperial calculations! 📐 #ConstructionMath #HomeRepair #DIYHacks #HomeImprovementTips #CraftCalcTools #FlooringGoals,https://tool-1-pied.vercel.app/calculators/flooring/flooring-waste-calculator,https://images.unsplash.com/photo-1512917774080-9991f1c4c750?auto=format&fit=crop&w=1000&q=80,DIY Flooring & Tile Ideas,Flooring,Ready
30,The Ultimate DIY Cheat Sheet for Contractor Waste Rule ✨,"Renovating on a budget? This smart trade calculator estimates exact quantities, bags, and cartons needed for your project with zero guesswork. Click to use the tool free! 💡 #RenovationBudget #SmartDIY #HomeImprovementIdeas #FlooringInspo #CraftCalc #ContractorApproved",https://tool-1-pied.vercel.app/calculators/flooring/flooring-waste-calculator,https://images.unsplash.com/photo-1618221195710-dd6b41faaea6?auto=format&fit=crop&w=1000&q=80,DIY Flooring & Tile Ideas,Flooring,Ready
31,Don't Start Your Hardwood Flooring Before Using This Formula! 📐,"Planning a DIY renovation? Calculate exact material quantities, box packaging, and cutting waste in seconds with CraftCalc. Tap the link to run the numbers 100% free! 🛠️ #DIY #HomeRenovation #DIYProjects #HomeImprovement #FlooringTips #CraftCalc #RemodelHacks",https://tool-1-pied.vercel.app/calculators/flooring/flooring-calculator,https://images.unsplash.com/photo-1581858726788-75bc0f6a952d?auto=format&fit=crop&w=1000&q=80,DIY Flooring & Tile Ideas,Flooring,Ready
32,How Much Engineered Wood Do You REALLY Need? [Free Estimator],"Never get stuck with material shortages mid-project! This contractor-verified calculator factors in perimeter cuts, diagonal waste, and whole carton rounding. Save this pin and tap to calculate free! 🏡 #HomeDecor #RenovationLife #ContractorHacks #DIYHome #HouseRemodel #FlooringDIY",https://tool-1-pied.vercel.app/calculators/flooring/flooring-calculator,https://images.unsplash.com/photo-1513694203232-719a280e022f?auto=format&fit=crop&w=1000&q=80,DIY Flooring & Tile Ideas,Flooring,Ready
33,The 1-Minute Hardwood & Flooring Estimator Cheat Sheet Every DIYer Needs,"Before buying building materials, make sure you have the exact formula. Accurately calculate surface square footage, packaging units, and budget estimates in 1 click. Tap the pin to get started! 📌 #DIYInspiration #HouseMakeover #FlooringIdeas #BuildingMaterials #BudgetRenovation #CraftCalc",https://tool-1-pied.vercel.app/calculators/flooring/flooring-calculator,https://images.unsplash.com/photo-1600585154340-be6161a56a0c?auto=format&fit=crop&w=1000&q=80,DIY Flooring & Tile Ideas,Flooring,Ready
34,Avoid Costly Material Shortages: Hardwood & Flooring Estimator Matrix,The exact mathematical cheat sheet for homeowners and DIYers. Avoid running out of materials or overspending on excess stock. Instant 2-way metric & imperial calculations! 📐 #ConstructionMath #HomeRepair #DIYHacks #HomeImprovementTips #CraftCalcTools #FlooringGoals,https://tool-1-pied.vercel.app/calculators/flooring/flooring-calculator,https://images.unsplash.com/photo-1516455590571-18256e5bb9ff?auto=format&fit=crop&w=1000&q=80,DIY Flooring & Tile Ideas,Flooring,Ready
35,How to Calculate Flooring Installation Math Without Waste or Guesswork,"Renovating on a budget? This smart trade calculator estimates exact quantities, bags, and cartons needed for your project with zero guesswork. Click to use the tool free! 💡 #RenovationBudget #SmartDIY #HomeImprovementIdeas #FlooringInspo #CraftCalc #ContractorApproved",https://tool-1-pied.vercel.app/calculators/flooring/flooring-calculator,https://images.unsplash.com/photo-1595428774223-ef52624120d2?auto=format&fit=crop&w=1000&q=80,DIY Flooring & Tile Ideas,Flooring,Ready
36,Contractor Secret: The Exact Math for Bathroom Tile 🛠️,"Planning a DIY renovation? Calculate exact material quantities, box packaging, and cutting waste in seconds with CraftCalc. Tap the link to run the numbers 100% free! 🛠️ #DIY #HomeRenovation #DIYProjects #HomeImprovement #FlooringTips #CraftCalc #RemodelHacks",https://tool-1-pied.vercel.app/calculators/flooring/tile-calculator,https://images.unsplash.com/photo-1600566753376-12c8ab7fb75b?auto=format&fit=crop&w=1000&q=80,DIY Flooring & Tile Ideas,Flooring,Ready
37,Stop Overpaying at Home Depot: Use This Tile & Mortar Estimator,"Never get stuck with material shortages mid-project! This contractor-verified calculator factors in perimeter cuts, diagonal waste, and whole carton rounding. Save this pin and tap to calculate free! 🏡 #HomeDecor #RenovationLife #ContractorHacks #DIYHome #HouseRemodel #FlooringDIY",https://tool-1-pied.vercel.app/calculators/flooring/tile-calculator,https://images.unsplash.com/photo-1502005229762-ee1b2b8ab98f?auto=format&fit=crop&w=1000&q=80,DIY Flooring & Tile Ideas,Flooring,Ready
38,Step-by-Step Tile & Mortar Estimator with Real-World Waste Buffers,"Before buying building materials, make sure you have the exact formula. Accurately calculate surface square footage, packaging units, and budget estimates in 1 click. Tap the pin to get started! 📌 #DIYInspiration #HouseMakeover #FlooringIdeas #BuildingMaterials #BudgetRenovation #CraftCalc",https://tool-1-pied.vercel.app/calculators/flooring/tile-calculator,https://images.unsplash.com/photo-1584622650111-993a426fbf0a?auto=format&fit=crop&w=1000&q=80,DIY Flooring & Tile Ideas,Flooring,Ready
39,How Many Boxes/Bags of Grout Bag Calculator Do You Need? [Formula Inside],The exact mathematical cheat sheet for homeowners and DIYers. Avoid running out of materials or overspending on excess stock. Instant 2-way metric & imperial calculations! 📐 #ConstructionMath #HomeRepair #DIYHacks #HomeImprovementTips #CraftCalcTools #FlooringGoals,https://tool-1-pied.vercel.app/calculators/flooring/tile-calculator,https://images.unsplash.com/photo-1512917774080-9991f1c4c750?auto=format&fit=crop&w=1000&q=80,DIY Flooring & Tile Ideas,Flooring,Ready
40,The Ultimate DIY Cheat Sheet for Shower Floor Tile ✨,"Renovating on a budget? This smart trade calculator estimates exact quantities, bags, and cartons needed for your project with zero guesswork. Click to use the tool free! 💡 #RenovationBudget #SmartDIY #HomeImprovementIdeas #FlooringInspo #CraftCalc #ContractorApproved",https://tool-1-pied.vercel.app/calculators/flooring/tile-calculator,https://images.unsplash.com/photo-1618221195710-dd6b41faaea6?auto=format&fit=crop&w=1000&q=80,DIY Flooring & Tile Ideas,Flooring,Ready
41,Don't Start Your Laminate Floor Packs Before Using This Formula! 📐,"Planning a DIY renovation? Calculate exact material quantities, box packaging, and cutting waste in seconds with CraftCalc. Tap the link to run the numbers 100% free! 🛠️ #DIY #HomeRenovation #DIYProjects #HomeImprovement #FlooringTips #CraftCalc #RemodelHacks",https://tool-1-pied.vercel.app/calculators/flooring/laminate-calculator,https://images.unsplash.com/photo-1581858726788-75bc0f6a952d?auto=format&fit=crop&w=1000&q=80,DIY Flooring & Tile Ideas,Flooring,Ready
42,How Much Foam Underlayment Rolls Do You REALLY Need? [Free Estimator],"Never get stuck with material shortages mid-project! This contractor-verified calculator factors in perimeter cuts, diagonal waste, and whole carton rounding. Save this pin and tap to calculate free! 🏡 #HomeDecor #RenovationLife #ContractorHacks #DIYHome #HouseRemodel #FlooringDIY",https://tool-1-pied.vercel.app/calculators/flooring/laminate-calculator,https://images.unsplash.com/photo-1513694203232-719a280e022f?auto=format&fit=crop&w=1000&q=80,DIY Flooring & Tile Ideas,Flooring,Ready
43,The 1-Minute Laminate & Underlayment Estimator Cheat Sheet Every DIYer Needs,"Before buying building materials, make sure you have the exact formula. Accurately calculate surface square footage, packaging units, and budget estimates in 1 click. Tap the pin to get started! 📌 #DIYInspiration #HouseMakeover #FlooringIdeas #BuildingMaterials #BudgetRenovation #CraftCalc",https://tool-1-pied.vercel.app/calculators/flooring/laminate-calculator,https://images.unsplash.com/photo-1600585154340-be6161a56a0c?auto=format&fit=crop&w=1000&q=80,DIY Flooring & Tile Ideas,Flooring,Ready
44,Avoid Costly Material Shortages: Laminate & Underlayment Estimator Matrix,The exact mathematical cheat sheet for homeowners and DIYers. Avoid running out of materials or overspending on excess stock. Instant 2-way metric & imperial calculations! 📐 #ConstructionMath #HomeRepair #DIYHacks #HomeImprovementTips #CraftCalcTools #FlooringGoals,https://tool-1-pied.vercel.app/calculators/flooring/laminate-calculator,https://images.unsplash.com/photo-1516455590571-18256e5bb9ff?auto=format&fit=crop&w=1000&q=80,DIY Flooring & Tile Ideas,Flooring,Ready
45,How to Calculate Budget Flooring Diy Without Waste or Guesswork,"Renovating on a budget? This smart trade calculator estimates exact quantities, bags, and cartons needed for your project with zero guesswork. Click to use the tool free! 💡 #RenovationBudget #SmartDIY #HomeImprovementIdeas #FlooringInspo #CraftCalc #ContractorApproved",https://tool-1-pied.vercel.app/calculators/flooring/laminate-calculator,https://images.unsplash.com/photo-1595428774223-ef52624120d2?auto=format&fit=crop&w=1000&q=80,DIY Flooring & Tile Ideas,Flooring,Ready
46,Contractor Secret: The Exact Math for Lvp Flooring Boxes 🛠️,"Planning a DIY renovation? Calculate exact material quantities, box packaging, and cutting waste in seconds with CraftCalc. Tap the link to run the numbers 100% free! 🛠️ #DIY #HomeRenovation #DIYProjects #HomeImprovement #FlooringTips #CraftCalc #RemodelHacks",https://tool-1-pied.vercel.app/calculators/flooring/vinyl-flooring-calculator,https://images.unsplash.com/photo-1600566753376-12c8ab7fb75b?auto=format&fit=crop&w=1000&q=80,DIY Flooring & Tile Ideas,Flooring,Ready
47,Stop Overpaying at Home Depot: Use This Luxury Vinyl Plank (LVP) Estimator,"Never get stuck with material shortages mid-project! This contractor-verified calculator factors in perimeter cuts, diagonal waste, and whole carton rounding. Save this pin and tap to calculate free! 🏡 #HomeDecor #RenovationLife #ContractorHacks #DIYHome #HouseRemodel #FlooringDIY",https://tool-1-pied.vercel.app/calculators/flooring/vinyl-flooring-calculator,https://images.unsplash.com/photo-1502005229762-ee1b2b8ab98f?auto=format&fit=crop&w=1000&q=80,DIY Flooring & Tile Ideas,Flooring,Ready
48,Step-by-Step Luxury Vinyl Plank (LVP) Estimator with Real-World Waste Buffers,"Before buying building materials, make sure you have the exact formula. Accurately calculate surface square footage, packaging units, and budget estimates in 1 click. Tap the pin to get started! 📌 #DIYInspiration #HouseMakeover #FlooringIdeas #BuildingMaterials #BudgetRenovation #CraftCalc",https://tool-1-pied.vercel.app/calculators/flooring/vinyl-flooring-calculator,https://images.unsplash.com/photo-1584622650111-993a426fbf0a?auto=format&fit=crop&w=1000&q=80,DIY Flooring & Tile Ideas,Flooring,Ready
49,How Many Boxes/Bags of Kitchen Vinyl Do You Need? [Formula Inside],The exact mathematical cheat sheet for homeowners and DIYers. Avoid running out of materials or overspending on excess stock. Instant 2-way metric & imperial calculations! 📐 #ConstructionMath #HomeRepair #DIYHacks #HomeImprovementTips #CraftCalcTools #FlooringGoals,https://tool-1-pied.vercel.app/calculators/flooring/vinyl-flooring-calculator,https://images.unsplash.com/photo-1512917774080-9991f1c4c750?auto=format&fit=crop&w=1000&q=80,DIY Flooring & Tile Ideas,Flooring,Ready
50,The Ultimate DIY Cheat Sheet for Plank Layout Calculator ✨,"Renovating on a budget? This smart trade calculator estimates exact quantities, bags, and cartons needed for your project with zero guesswork. Click to use the tool free! 💡 #RenovationBudget #SmartDIY #HomeImprovementIdeas #FlooringInspo #CraftCalc #ContractorApproved",https://tool-1-pied.vercel.app/calculators/flooring/vinyl-flooring-calculator,https://images.unsplash.com/photo-1618221195710-dd6b41faaea6?auto=format&fit=crop&w=1000&q=80,DIY Flooring & Tile Ideas,Flooring,Ready
51,Don't Start Your Living Room Paint Gallons Before Using This Formula! 📐,"Planning a DIY renovation? Calculate exact material quantities, box packaging, and cutting waste in seconds with CraftCalc. Tap the link to run the numbers 100% free! 🛠️ #DIY #HomeRenovation #DIYProjects #HomeImprovement #PaintingTips #CraftCalc #RemodelHacks",https://tool-1-pied.vercel.app/calculators/painting/paint-calculator,https://images.unsplash.com/photo-1589939705384-5185137a7f0f?auto=format&fit=crop&w=1000&q=80,Home Painting & Wall Makeover,Painting,Ready
52,How Much Wall Square Footage Do You REALLY Need? [Free Estimator],"Never get stuck with material shortages mid-project! This contractor-verified calculator factors in perimeter cuts, diagonal waste, and whole carton rounding. Save this pin and tap to calculate free! 🏡 #HomeDecor #RenovationLife #ContractorHacks #DIYHome #HouseRemodel #PaintingDIY",https://tool-1-pied.vercel.app/calculators/painting/paint-calculator,https://images.unsplash.com/photo-1562663474-6cbb3eaa4d14?auto=format&fit=crop&w=1000&q=80,Home Painting & Wall Makeover,Painting,Ready
53,The 1-Minute Whole Room Paint Estimator Cheat Sheet Every DIYer Needs,"Before buying building materials, make sure you have the exact formula. Accurately calculate surface square footage, packaging units, and budget estimates in 1 click. Tap the pin to get started! 📌 #DIYInspiration #HouseMakeover #PaintingIdeas #BuildingMaterials #BudgetRenovation #CraftCalc",https://tool-1-pied.vercel.app/calculators/painting/paint-calculator,https://images.unsplash.com/photo-1598928506311-c55ded91a20c?auto=format&fit=crop&w=1000&q=80,Home Painting & Wall Makeover,Painting,Ready
54,Avoid Costly Material Shortages: Whole Room Paint Estimator Matrix,The exact mathematical cheat sheet for homeowners and DIYers. Avoid running out of materials or overspending on excess stock. Instant 2-way metric & imperial calculations! 📐 #ConstructionMath #HomeRepair #DIYHacks #HomeImprovementTips #CraftCalcTools #PaintingGoals,https://tool-1-pied.vercel.app/calculators/painting/paint-calculator,https://images.unsplash.com/photo-1615529182904-14819c35db37?auto=format&fit=crop&w=1000&q=80,Home Painting & Wall Makeover,Painting,Ready
55,How to Calculate Interior Paint Math Without Waste or Guesswork,"Renovating on a budget? This smart trade calculator estimates exact quantities, bags, and cartons needed for your project with zero guesswork. Click to use the tool free! 💡 #RenovationBudget #SmartDIY #HomeImprovementIdeas #PaintingInspo #CraftCalc #ContractorApproved",https://tool-1-pied.vercel.app/calculators/painting/paint-calculator,https://images.unsplash.com/photo-1600585154526-990dced4db0d?auto=format&fit=crop&w=1000&q=80,Home Painting & Wall Makeover,Painting,Ready
56,Contractor Secret: The Exact Math for Accent Wall Paint 🛠️,"Planning a DIY renovation? Calculate exact material quantities, box packaging, and cutting waste in seconds with CraftCalc. Tap the link to run the numbers 100% free! 🛠️ #DIY #HomeRenovation #DIYProjects #HomeImprovement #PaintingTips #CraftCalc #RemodelHacks",https://tool-1-pied.vercel.app/calculators/painting/wall-paint-calculator,https://images.unsplash.com/photo-1507089947368-19c1da9775ae?auto=format&fit=crop&w=1000&q=80,Home Painting & Wall Makeover,Painting,Ready
57,Stop Overpaying at Home Depot: Use This Wall Surface Paint Estimator,"Never get stuck with material shortages mid-project! This contractor-verified calculator factors in perimeter cuts, diagonal waste, and whole carton rounding. Save this pin and tap to calculate free! 🏡 #HomeDecor #RenovationLife #ContractorHacks #DIYHome #HouseRemodel #PaintingDIY",https://tool-1-pied.vercel.app/calculators/painting/wall-paint-calculator,https://images.unsplash.com/photo-1513694203232-719a280e022f?auto=format&fit=crop&w=1000&q=80,Home Painting & Wall Makeover,Painting,Ready
58,Step-by-Step Wall Surface Paint Estimator with Real-World Waste Buffers,"Before buying building materials, make sure you have the exact formula. Accurately calculate surface square footage, packaging units, and budget estimates in 1 click. Tap the pin to get started! 📌 #DIYInspiration #HouseMakeover #PaintingIdeas #BuildingMaterials #BudgetRenovation #CraftCalc",https://tool-1-pied.vercel.app/calculators/painting/wall-paint-calculator,https://images.unsplash.com/photo-1534349762230-e0cadf78f5da?auto=format&fit=crop&w=1000&q=80,Home Painting & Wall Makeover,Painting,Ready
59,How Many Boxes/Bags of Smooth Drywall Paint Do You Need? [Formula Inside],The exact mathematical cheat sheet for homeowners and DIYers. Avoid running out of materials or overspending on excess stock. Instant 2-way metric & imperial calculations! 📐 #ConstructionMath #HomeRepair #DIYHacks #HomeImprovementTips #CraftCalcTools #PaintingGoals,https://tool-1-pied.vercel.app/calculators/painting/wall-paint-calculator,https://images.unsplash.com/photo-1589939705384-5185137a7f0f?auto=format&fit=crop&w=1000&q=80,Home Painting & Wall Makeover,Painting,Ready
60,The Ultimate DIY Cheat Sheet for Textured Wall Paint ✨,"Renovating on a budget? This smart trade calculator estimates exact quantities, bags, and cartons needed for your project with zero guesswork. Click to use the tool free! 💡 #RenovationBudget #SmartDIY #HomeImprovementIdeas #PaintingInspo #CraftCalc #ContractorApproved",https://tool-1-pied.vercel.app/calculators/painting/wall-paint-calculator,https://images.unsplash.com/photo-1562663474-6cbb3eaa4d14?auto=format&fit=crop&w=1000&q=80,Home Painting & Wall Makeover,Painting,Ready
61,Don't Start Your Flat Ceiling Paint Before Using This Formula! 📐,"Planning a DIY renovation? Calculate exact material quantities, box packaging, and cutting waste in seconds with CraftCalc. Tap the link to run the numbers 100% free! 🛠️ #DIY #HomeRenovation #DIYProjects #HomeImprovement #PaintingTips #CraftCalc #RemodelHacks",https://tool-1-pied.vercel.app/calculators/painting/ceiling-paint-calculator,https://images.unsplash.com/photo-1598928506311-c55ded91a20c?auto=format&fit=crop&w=1000&q=80,Home Painting & Wall Makeover,Painting,Ready
62,How Much Ceiling Square Footage Do You REALLY Need? [Free Estimator],"Never get stuck with material shortages mid-project! This contractor-verified calculator factors in perimeter cuts, diagonal waste, and whole carton rounding. Save this pin and tap to calculate free! 🏡 #HomeDecor #RenovationLife #ContractorHacks #DIYHome #HouseRemodel #PaintingDIY",https://tool-1-pied.vercel.app/calculators/painting/ceiling-paint-calculator,https://images.unsplash.com/photo-1615529182904-14819c35db37?auto=format&fit=crop&w=1000&q=80,Home Painting & Wall Makeover,Painting,Ready
63,The 1-Minute Ceiling Paint Estimator Cheat Sheet Every DIYer Needs,"Before buying building materials, make sure you have the exact formula. Accurately calculate surface square footage, packaging units, and budget estimates in 1 click. Tap the pin to get started! 📌 #DIYInspiration #HouseMakeover #PaintingIdeas #BuildingMaterials #BudgetRenovation #CraftCalc",https://tool-1-pied.vercel.app/calculators/painting/ceiling-paint-calculator,https://images.unsplash.com/photo-1600585154526-990dced4db0d?auto=format&fit=crop&w=1000&q=80,Home Painting & Wall Makeover,Painting,Ready
64,Avoid Costly Material Shortages: Ceiling Paint Estimator Matrix,The exact mathematical cheat sheet for homeowners and DIYers. Avoid running out of materials or overspending on excess stock. Instant 2-way metric & imperial calculations! 📐 #ConstructionMath #HomeRepair #DIYHacks #HomeImprovementTips #CraftCalcTools #PaintingGoals,https://tool-1-pied.vercel.app/calculators/painting/ceiling-paint-calculator,https://images.unsplash.com/photo-1507089947368-19c1da9775ae?auto=format&fit=crop&w=1000&q=80,Home Painting & Wall Makeover,Painting,Ready
65,How to Calculate Primer For Ceiling Without Waste or Guesswork,"Renovating on a budget? This smart trade calculator estimates exact quantities, bags, and cartons needed for your project with zero guesswork. Click to use the tool free! 💡 #RenovationBudget #SmartDIY #HomeImprovementIdeas #PaintingInspo #CraftCalc #ContractorApproved",https://tool-1-pied.vercel.app/calculators/painting/ceiling-paint-calculator,https://images.unsplash.com/photo-1513694203232-719a280e022f?auto=format&fit=crop&w=1000&q=80,Home Painting & Wall Makeover,Painting,Ready
66,Contractor Secret: The Exact Math for Pva Primer For New Drywall 🛠️,"Planning a DIY renovation? Calculate exact material quantities, box packaging, and cutting waste in seconds with CraftCalc. Tap the link to run the numbers 100% free! 🛠️ #DIY #HomeRenovation #DIYProjects #HomeImprovement #PaintingTips #CraftCalc #RemodelHacks",https://tool-1-pied.vercel.app/calculators/painting/primer-calculator,https://images.unsplash.com/photo-1534349762230-e0cadf78f5da?auto=format&fit=crop&w=1000&q=80,Home Painting & Wall Makeover,Painting,Ready
67,Stop Overpaying at Home Depot: Use This Paint Primer & Sealer Estimator,"Never get stuck with material shortages mid-project! This contractor-verified calculator factors in perimeter cuts, diagonal waste, and whole carton rounding. Save this pin and tap to calculate free! 🏡 #HomeDecor #RenovationLife #ContractorHacks #DIYHome #HouseRemodel #PaintingDIY",https://tool-1-pied.vercel.app/calculators/painting/primer-calculator,https://images.unsplash.com/photo-1589939705384-5185137a7f0f?auto=format&fit=crop&w=1000&q=80,Home Painting & Wall Makeover,Painting,Ready
68,Step-by-Step Paint Primer & Sealer Estimator with Real-World Waste Buffers,"Before buying building materials, make sure you have the exact formula. Accurately calculate surface square footage, packaging units, and budget estimates in 1 click. Tap the pin to get started! 📌 #DIYInspiration #HouseMakeover #PaintingIdeas #BuildingMaterials #BudgetRenovation #CraftCalc",https://tool-1-pied.vercel.app/calculators/painting/primer-calculator,https://images.unsplash.com/photo-1562663474-6cbb3eaa4d14?auto=format&fit=crop&w=1000&q=80,Home Painting & Wall Makeover,Painting,Ready
69,How Many Boxes/Bags of Primer Gallon Coverage Do You Need? [Formula Inside],The exact mathematical cheat sheet for homeowners and DIYers. Avoid running out of materials or overspending on excess stock. Instant 2-way metric & imperial calculations! 📐 #ConstructionMath #HomeRepair #DIYHacks #HomeImprovementTips #CraftCalcTools #PaintingGoals,https://tool-1-pied.vercel.app/calculators/painting/primer-calculator,https://images.unsplash.com/photo-1598928506311-c55ded91a20c?auto=format&fit=crop&w=1000&q=80,Home Painting & Wall Makeover,Painting,Ready
70,The Ultimate DIY Cheat Sheet for Masonry Primer ✨,"Renovating on a budget? This smart trade calculator estimates exact quantities, bags, and cartons needed for your project with zero guesswork. Click to use the tool free! 💡 #RenovationBudget #SmartDIY #HomeImprovementIdeas #PaintingInspo #CraftCalc #ContractorApproved",https://tool-1-pied.vercel.app/calculators/painting/primer-calculator,https://images.unsplash.com/photo-1615529182904-14819c35db37?auto=format&fit=crop&w=1000&q=80,Home Painting & Wall Makeover,Painting,Ready
71,Don't Start Your 350 Sq Ft Per Gallon Rule Before Using This Formula! 📐,"Planning a DIY renovation? Calculate exact material quantities, box packaging, and cutting waste in seconds with CraftCalc. Tap the link to run the numbers 100% free! 🛠️ #DIY #HomeRenovation #DIYProjects #HomeImprovement #PaintingTips #CraftCalc #RemodelHacks",https://tool-1-pied.vercel.app/calculators/painting/paint-coverage-calculator,https://images.unsplash.com/photo-1600585154526-990dced4db0d?auto=format&fit=crop&w=1000&q=80,Home Painting & Wall Makeover,Painting,Ready
72,How Much Liters Per Square Meter Do You REALLY Need? [Free Estimator],"Never get stuck with material shortages mid-project! This contractor-verified calculator factors in perimeter cuts, diagonal waste, and whole carton rounding. Save this pin and tap to calculate free! 🏡 #HomeDecor #RenovationLife #ContractorHacks #DIYHome #HouseRemodel #PaintingDIY",https://tool-1-pied.vercel.app/calculators/painting/paint-coverage-calculator,https://images.unsplash.com/photo-1507089947368-19c1da9775ae?auto=format&fit=crop&w=1000&q=80,Home Painting & Wall Makeover,Painting,Ready
73,The 1-Minute Paint Coverage (Liters & Gallons) Converter Cheat Sheet Every DIYer Needs,"Before buying building materials, make sure you have the exact formula. Accurately calculate surface square footage, packaging units, and budget estimates in 1 click. Tap the pin to get started! 📌 #DIYInspiration #HouseMakeover #PaintingIdeas #BuildingMaterials #BudgetRenovation #CraftCalc",https://tool-1-pied.vercel.app/calculators/painting/paint-coverage-calculator,https://images.unsplash.com/photo-1513694203232-719a280e022f?auto=format&fit=crop&w=1000&q=80,Home Painting & Wall Makeover,Painting,Ready
74,Avoid Costly Material Shortages: Paint Coverage (Liters & Gallons) Converter Matrix,The exact mathematical cheat sheet for homeowners and DIYers. Avoid running out of materials or overspending on excess stock. Instant 2-way metric & imperial calculations! 📐 #ConstructionMath #HomeRepair #DIYHacks #HomeImprovementTips #CraftCalcTools #PaintingGoals,https://tool-1-pied.vercel.app/calculators/painting/paint-coverage-calculator,https://images.unsplash.com/photo-1534349762230-e0cadf78f5da?auto=format&fit=crop&w=1000&q=80,Home Painting & Wall Makeover,Painting,Ready
75,How to Calculate Trim And Baseboard Enamel Without Waste or Guesswork,"Renovating on a budget? This smart trade calculator estimates exact quantities, bags, and cartons needed for your project with zero guesswork. Click to use the tool free! 💡 #RenovationBudget #SmartDIY #HomeImprovementIdeas #PaintingInspo #CraftCalc #ContractorApproved",https://tool-1-pied.vercel.app/calculators/painting/paint-coverage-calculator,https://images.unsplash.com/photo-1589939705384-5185137a7f0f?auto=format&fit=crop&w=1000&q=80,Home Painting & Wall Makeover,Painting,Ready
76,Contractor Secret: The Exact Math for Living Room Paint Gallons 🛠️,"Planning a DIY renovation? Calculate exact material quantities, box packaging, and cutting waste in seconds with CraftCalc. Tap the link to run the numbers 100% free! 🛠️ #DIY #HomeRenovation #DIYProjects #HomeImprovement #PaintingTips #CraftCalc #RemodelHacks",https://tool-1-pied.vercel.app/calculators/painting/paint-calculator,https://images.unsplash.com/photo-1562663474-6cbb3eaa4d14?auto=format&fit=crop&w=1000&q=80,Home Painting & Wall Makeover,Painting,Ready
77,Stop Overpaying at Home Depot: Use This Whole Room Paint Estimator,"Never get stuck with material shortages mid-project! This contractor-verified calculator factors in perimeter cuts, diagonal waste, and whole carton rounding. Save this pin and tap to calculate free! 🏡 #HomeDecor #RenovationLife #ContractorHacks #DIYHome #HouseRemodel #PaintingDIY",https://tool-1-pied.vercel.app/calculators/painting/paint-calculator,https://images.unsplash.com/photo-1598928506311-c55ded91a20c?auto=format&fit=crop&w=1000&q=80,Home Painting & Wall Makeover,Painting,Ready
78,Step-by-Step Whole Room Paint Estimator with Real-World Waste Buffers,"Before buying building materials, make sure you have the exact formula. Accurately calculate surface square footage, packaging units, and budget estimates in 1 click. Tap the pin to get started! 📌 #DIYInspiration #HouseMakeover #PaintingIdeas #BuildingMaterials #BudgetRenovation #CraftCalc",https://tool-1-pied.vercel.app/calculators/painting/paint-calculator,https://images.unsplash.com/photo-1615529182904-14819c35db37?auto=format&fit=crop&w=1000&q=80,Home Painting & Wall Makeover,Painting,Ready
79,How Many Boxes/Bags of Paint Cost Breakdown Do You Need? [Formula Inside],The exact mathematical cheat sheet for homeowners and DIYers. Avoid running out of materials or overspending on excess stock. Instant 2-way metric & imperial calculations! 📐 #ConstructionMath #HomeRepair #DIYHacks #HomeImprovementTips #CraftCalcTools #PaintingGoals,https://tool-1-pied.vercel.app/calculators/painting/paint-calculator,https://images.unsplash.com/photo-1600585154526-990dced4db0d?auto=format&fit=crop&w=1000&q=80,Home Painting & Wall Makeover,Painting,Ready
80,The Ultimate DIY Cheat Sheet for Interior Paint Math ✨,"Renovating on a budget? This smart trade calculator estimates exact quantities, bags, and cartons needed for your project with zero guesswork. Click to use the tool free! 💡 #RenovationBudget #SmartDIY #HomeImprovementIdeas #PaintingInspo #CraftCalc #ContractorApproved",https://tool-1-pied.vercel.app/calculators/painting/paint-calculator,https://images.unsplash.com/photo-1507089947368-19c1da9775ae?auto=format&fit=crop&w=1000&q=80,Home Painting & Wall Makeover,Painting,Ready
81,Don't Start Your Accent Wall Paint Before Using This Formula! 📐,"Planning a DIY renovation? Calculate exact material quantities, box packaging, and cutting waste in seconds with CraftCalc. Tap the link to run the numbers 100% free! 🛠️ #DIY #HomeRenovation #DIYProjects #HomeImprovement #PaintingTips #CraftCalc #RemodelHacks",https://tool-1-pied.vercel.app/calculators/painting/wall-paint-calculator,https://images.unsplash.com/photo-1513694203232-719a280e022f?auto=format&fit=crop&w=1000&q=80,Home Painting & Wall Makeover,Painting,Ready
82,How Much Door And Window Deductions Do You REALLY Need? [Free Estimator],"Never get stuck with material shortages mid-project! This contractor-verified calculator factors in perimeter cuts, diagonal waste, and whole carton rounding. Save this pin and tap to calculate free! 🏡 #HomeDecor #RenovationLife #ContractorHacks #DIYHome #HouseRemodel #PaintingDIY",https://tool-1-pied.vercel.app/calculators/painting/wall-paint-calculator,https://images.unsplash.com/photo-1534349762230-e0cadf78f5da?auto=format&fit=crop&w=1000&q=80,Home Painting & Wall Makeover,Painting,Ready
83,The 1-Minute Wall Surface Paint Estimator Cheat Sheet Every DIYer Needs,"Before buying building materials, make sure you have the exact formula. Accurately calculate surface square footage, packaging units, and budget estimates in 1 click. Tap the pin to get started! 📌 #DIYInspiration #HouseMakeover #PaintingIdeas #BuildingMaterials #BudgetRenovation #CraftCalc",https://tool-1-pied.vercel.app/calculators/painting/wall-paint-calculator,https://images.unsplash.com/photo-1589939705384-5185137a7f0f?auto=format&fit=crop&w=1000&q=80,Home Painting & Wall Makeover,Painting,Ready
84,Avoid Costly Material Shortages: Wall Surface Paint Estimator Matrix,The exact mathematical cheat sheet for homeowners and DIYers. Avoid running out of materials or overspending on excess stock. Instant 2-way metric & imperial calculations! 📐 #ConstructionMath #HomeRepair #DIYHacks #HomeImprovementTips #CraftCalcTools #PaintingGoals,https://tool-1-pied.vercel.app/calculators/painting/wall-paint-calculator,https://images.unsplash.com/photo-1562663474-6cbb3eaa4d14?auto=format&fit=crop&w=1000&q=80,Home Painting & Wall Makeover,Painting,Ready
85,How to Calculate Textured Wall Paint Without Waste or Guesswork,"Renovating on a budget? This smart trade calculator estimates exact quantities, bags, and cartons needed for your project with zero guesswork. Click to use the tool free! 💡 #RenovationBudget #SmartDIY #HomeImprovementIdeas #PaintingInspo #CraftCalc #ContractorApproved",https://tool-1-pied.vercel.app/calculators/painting/wall-paint-calculator,https://images.unsplash.com/photo-1598928506311-c55ded91a20c?auto=format&fit=crop&w=1000&q=80,Home Painting & Wall Makeover,Painting,Ready
86,Contractor Secret: The Exact Math for Flat Ceiling Paint 🛠️,"Planning a DIY renovation? Calculate exact material quantities, box packaging, and cutting waste in seconds with CraftCalc. Tap the link to run the numbers 100% free! 🛠️ #DIY #HomeRenovation #DIYProjects #HomeImprovement #PaintingTips #CraftCalc #RemodelHacks",https://tool-1-pied.vercel.app/calculators/painting/ceiling-paint-calculator,https://images.unsplash.com/photo-1615529182904-14819c35db37?auto=format&fit=crop&w=1000&q=80,Home Painting & Wall Makeover,Painting,Ready
87,Stop Overpaying at Home Depot: Use This Ceiling Paint Estimator,"Never get stuck with material shortages mid-project! This contractor-verified calculator factors in perimeter cuts, diagonal waste, and whole carton rounding. Save this pin and tap to calculate free! 🏡 #HomeDecor #RenovationLife #ContractorHacks #DIYHome #HouseRemodel #PaintingDIY",https://tool-1-pied.vercel.app/calculators/painting/ceiling-paint-calculator,https://images.unsplash.com/photo-1600585154526-990dced4db0d?auto=format&fit=crop&w=1000&q=80,Home Painting & Wall Makeover,Painting,Ready
88,Step-by-Step Ceiling Paint Estimator with Real-World Waste Buffers,"Before buying building materials, make sure you have the exact formula. Accurately calculate surface square footage, packaging units, and budget estimates in 1 click. Tap the pin to get started! 📌 #DIYInspiration #HouseMakeover #PaintingIdeas #BuildingMaterials #BudgetRenovation #CraftCalc",https://tool-1-pied.vercel.app/calculators/painting/ceiling-paint-calculator,https://images.unsplash.com/photo-1507089947368-19c1da9775ae?auto=format&fit=crop&w=1000&q=80,Home Painting & Wall Makeover,Painting,Ready
89,How Many Boxes/Bags of Popcorn Ceiling Coverage Do You Need? [Formula Inside],The exact mathematical cheat sheet for homeowners and DIYers. Avoid running out of materials or overspending on excess stock. Instant 2-way metric & imperial calculations! 📐 #ConstructionMath #HomeRepair #DIYHacks #HomeImprovementTips #CraftCalcTools #PaintingGoals,https://tool-1-pied.vercel.app/calculators/painting/ceiling-paint-calculator,https://images.unsplash.com/photo-1513694203232-719a280e022f?auto=format&fit=crop&w=1000&q=80,Home Painting & Wall Makeover,Painting,Ready
90,The Ultimate DIY Cheat Sheet for Primer For Ceiling ✨,"Renovating on a budget? This smart trade calculator estimates exact quantities, bags, and cartons needed for your project with zero guesswork. Click to use the tool free! 💡 #RenovationBudget #SmartDIY #HomeImprovementIdeas #PaintingInspo #CraftCalc #ContractorApproved",https://tool-1-pied.vercel.app/calculators/painting/ceiling-paint-calculator,https://images.unsplash.com/photo-1534349762230-e0cadf78f5da?auto=format&fit=crop&w=1000&q=80,Home Painting & Wall Makeover,Painting,Ready
91,Don't Start Your Pva Primer For New Drywall Before Using This Formula! 📐,"Planning a DIY renovation? Calculate exact material quantities, box packaging, and cutting waste in seconds with CraftCalc. Tap the link to run the numbers 100% free! 🛠️ #DIY #HomeRenovation #DIYProjects #HomeImprovement #PaintingTips #CraftCalc #RemodelHacks",https://tool-1-pied.vercel.app/calculators/painting/primer-calculator,https://images.unsplash.com/photo-1589939705384-5185137a7f0f?auto=format&fit=crop&w=1000&q=80,Home Painting & Wall Makeover,Painting,Ready
92,How Much Dark To Light Paint Primer Do You REALLY Need? [Free Estimator],"Never get stuck with material shortages mid-project! This contractor-verified calculator factors in perimeter cuts, diagonal waste, and whole carton rounding. Save this pin and tap to calculate free! 🏡 #HomeDecor #RenovationLife #ContractorHacks #DIYHome #HouseRemodel #PaintingDIY",https://tool-1-pied.vercel.app/calculators/painting/primer-calculator,https://images.unsplash.com/photo-1562663474-6cbb3eaa4d14?auto=format&fit=crop&w=1000&q=80,Home Painting & Wall Makeover,Painting,Ready
93,The 1-Minute Paint Primer & Sealer Estimator Cheat Sheet Every DIYer Needs,"Before buying building materials, make sure you have the exact formula. Accurately calculate surface square footage, packaging units, and budget estimates in 1 click. Tap the pin to get started! 📌 #DIYInspiration #HouseMakeover #PaintingIdeas #BuildingMaterials #BudgetRenovation #CraftCalc",https://tool-1-pied.vercel.app/calculators/painting/primer-calculator,https://images.unsplash.com/photo-1598928506311-c55ded91a20c?auto=format&fit=crop&w=1000&q=80,Home Painting & Wall Makeover,Painting,Ready
94,Avoid Costly Material Shortages: Paint Primer & Sealer Estimator Matrix,The exact mathematical cheat sheet for homeowners and DIYers. Avoid running out of materials or overspending on excess stock. Instant 2-way metric & imperial calculations! 📐 #ConstructionMath #HomeRepair #DIYHacks #HomeImprovementTips #CraftCalcTools #PaintingGoals,https://tool-1-pied.vercel.app/calculators/painting/primer-calculator,https://images.unsplash.com/photo-1615529182904-14819c35db37?auto=format&fit=crop&w=1000&q=80,Home Painting & Wall Makeover,Painting,Ready
95,How to Calculate Masonry Primer Without Waste or Guesswork,"Renovating on a budget? This smart trade calculator estimates exact quantities, bags, and cartons needed for your project with zero guesswork. Click to use the tool free! 💡 #RenovationBudget #SmartDIY #HomeImprovementIdeas #PaintingInspo #CraftCalc #ContractorApproved",https://tool-1-pied.vercel.app/calculators/painting/primer-calculator,https://images.unsplash.com/photo-1600585154526-990dced4db0d?auto=format&fit=crop&w=1000&q=80,Home Painting & Wall Makeover,Painting,Ready
96,Contractor Secret: The Exact Math for 350 Sq Ft Per Gallon Rule 🛠️,"Planning a DIY renovation? Calculate exact material quantities, box packaging, and cutting waste in seconds with CraftCalc. Tap the link to run the numbers 100% free! 🛠️ #DIY #HomeRenovation #DIYProjects #HomeImprovement #PaintingTips #CraftCalc #RemodelHacks",https://tool-1-pied.vercel.app/calculators/painting/paint-coverage-calculator,https://images.unsplash.com/photo-1507089947368-19c1da9775ae?auto=format&fit=crop&w=1000&q=80,Home Painting & Wall Makeover,Painting,Ready
97,Stop Overpaying at Home Depot: Use This Paint Coverage (Liters & Gallons) Converter,"Never get stuck with material shortages mid-project! This contractor-verified calculator factors in perimeter cuts, diagonal waste, and whole carton rounding. Save this pin and tap to calculate free! 🏡 #HomeDecor #RenovationLife #ContractorHacks #DIYHome #HouseRemodel #PaintingDIY",https://tool-1-pied.vercel.app/calculators/painting/paint-coverage-calculator,https://images.unsplash.com/photo-1513694203232-719a280e022f?auto=format&fit=crop&w=1000&q=80,Home Painting & Wall Makeover,Painting,Ready
98,Step-by-Step Paint Coverage (Liters & Gallons) Converter with Real-World Waste Buffers,"Before buying building materials, make sure you have the exact formula. Accurately calculate surface square footage, packaging units, and budget estimates in 1 click. Tap the pin to get started! 📌 #DIYInspiration #HouseMakeover #PaintingIdeas #BuildingMaterials #BudgetRenovation #CraftCalc",https://tool-1-pied.vercel.app/calculators/painting/paint-coverage-calculator,https://images.unsplash.com/photo-1534349762230-e0cadf78f5da?auto=format&fit=crop&w=1000&q=80,Home Painting & Wall Makeover,Painting,Ready
99,How Many Boxes/Bags of Commercial Paint Math Do You Need? [Formula Inside],The exact mathematical cheat sheet for homeowners and DIYers. Avoid running out of materials or overspending on excess stock. Instant 2-way metric & imperial calculations! 📐 #ConstructionMath #HomeRepair #DIYHacks #HomeImprovementTips #CraftCalcTools #PaintingGoals,https://tool-1-pied.vercel.app/calculators/painting/paint-coverage-calculator,https://images.unsplash.com/photo-1589939705384-5185137a7f0f?auto=format&fit=crop&w=1000&q=80,Home Painting & Wall Makeover,Painting,Ready
100,The Ultimate DIY Cheat Sheet for Trim And Baseboard Enamel ✨,"Renovating on a budget? This smart trade calculator estimates exact quantities, bags, and cartons needed for your project with zero guesswork. Click to use the tool free! 💡 #RenovationBudget #SmartDIY #HomeImprovementIdeas #PaintingInspo #CraftCalc #ContractorApproved",https://tool-1-pied.vercel.app/calculators/painting/paint-coverage-calculator,https://images.unsplash.com/photo-1562663474-6cbb3eaa4d14?auto=format&fit=crop&w=1000&q=80,Home Painting & Wall Makeover,Painting,Ready
101,Don't Start Your Concrete Patio Slab Before Using This Formula! 📐,"Planning a DIY renovation? Calculate exact material quantities, box packaging, and cutting waste in seconds with CraftCalc. Tap the link to run the numbers 100% free! 🛠️ #DIY #HomeRenovation #DIYProjects #HomeImprovement #Concrete-masonryTips #CraftCalc #RemodelHacks",https://tool-1-pied.vercel.app/calculators/concrete-masonry/concrete-calculator,https://images.unsplash.com/photo-1590381105924-c72589b9ef3f?auto=format&fit=crop&w=1000&q=80,Concrete & Masonry Projects,Concrete-masonry,Ready
102,How Much Concrete Volume Formula Do You REALLY Need? [Free Estimator],"Never get stuck with material shortages mid-project! This contractor-verified calculator factors in perimeter cuts, diagonal waste, and whole carton rounding. Save this pin and tap to calculate free! 🏡 #HomeDecor #RenovationLife #ContractorHacks #DIYHome #HouseRemodel #Concrete-masonryDIY",https://tool-1-pied.vercel.app/calculators/concrete-masonry/concrete-calculator,https://images.unsplash.com/photo-1541888946425-d0fbb18f15f6?auto=format&fit=crop&w=1000&q=80,Concrete & Masonry Projects,Concrete-masonry,Ready
103,The 1-Minute Cubic Yard Concrete Estimator Cheat Sheet Every DIYer Needs,"Before buying building materials, make sure you have the exact formula. Accurately calculate surface square footage, packaging units, and budget estimates in 1 click. Tap the pin to get started! 📌 #DIYInspiration #HouseMakeover #Concrete-masonryIdeas #BuildingMaterials #BudgetRenovation #CraftCalc",https://tool-1-pied.vercel.app/calculators/concrete-masonry/concrete-calculator,https://images.unsplash.com/photo-1581094794329-c8112a89af12?auto=format&fit=crop&w=1000&q=80,Concrete & Masonry Projects,Concrete-masonry,Ready
104,Avoid Costly Material Shortages: Cubic Yard Concrete Estimator Matrix,The exact mathematical cheat sheet for homeowners and DIYers. Avoid running out of materials or overspending on excess stock. Instant 2-way metric & imperial calculations! 📐 #ConstructionMath #HomeRepair #DIYHacks #HomeImprovementTips #CraftCalcTools #Concrete-masonryGoals,https://tool-1-pied.vercel.app/calculators/concrete-masonry/concrete-calculator,https://images.unsplash.com/photo-1589939705384-5185137a7f0f?auto=format&fit=crop&w=1000&q=80,Concrete & Masonry Projects,Concrete-masonry,Ready
105,How to Calculate Driveway Concrete Without Waste or Guesswork,"Renovating on a budget? This smart trade calculator estimates exact quantities, bags, and cartons needed for your project with zero guesswork. Click to use the tool free! 💡 #RenovationBudget #SmartDIY #HomeImprovementIdeas #Concrete-masonryInspo #CraftCalc #ContractorApproved",https://tool-1-pied.vercel.app/calculators/concrete-masonry/concrete-calculator,https://images.unsplash.com/photo-1513694203232-719a280e022f?auto=format&fit=crop&w=1000&q=80,Concrete & Masonry Projects,Concrete-masonry,Ready
106,Contractor Secret: The Exact Math for 4 Inch Concrete Slab 🛠️,"Planning a DIY renovation? Calculate exact material quantities, box packaging, and cutting waste in seconds with CraftCalc. Tap the link to run the numbers 100% free! 🛠️ #DIY #HomeRenovation #DIYProjects #HomeImprovement #Concrete-masonryTips #CraftCalc #RemodelHacks",https://tool-1-pied.vercel.app/calculators/concrete-masonry/concrete-slab-calculator,https://images.unsplash.com/photo-1590381105924-c72589b9ef3f?auto=format&fit=crop&w=1000&q=80,Concrete & Masonry Projects,Concrete-masonry,Ready
107,"Stop Overpaying at Home Depot: Use This Concrete Slab, Rebar & Gravel Estimator","Never get stuck with material shortages mid-project! This contractor-verified calculator factors in perimeter cuts, diagonal waste, and whole carton rounding. Save this pin and tap to calculate free! 🏡 #HomeDecor #RenovationLife #ContractorHacks #DIYHome #HouseRemodel #Concrete-masonryDIY",https://tool-1-pied.vercel.app/calculators/concrete-masonry/concrete-slab-calculator,https://images.unsplash.com/photo-1600585154340-be6161a56a0c?auto=format&fit=crop&w=1000&q=80,Concrete & Masonry Projects,Concrete-masonry,Ready
108,"Step-by-Step Concrete Slab, Rebar & Gravel Estimator with Real-World Waste Buffers","Before buying building materials, make sure you have the exact formula. Accurately calculate surface square footage, packaging units, and budget estimates in 1 click. Tap the pin to get started! 📌 #DIYInspiration #HouseMakeover #Concrete-masonryIdeas #BuildingMaterials #BudgetRenovation #CraftCalc",https://tool-1-pied.vercel.app/calculators/concrete-masonry/concrete-slab-calculator,https://images.unsplash.com/photo-1590381105924-c72589b9ef3f?auto=format&fit=crop&w=1000&q=80,Concrete & Masonry Projects,Concrete-masonry,Ready
109,How Many Boxes/Bags of Shed Slab Concrete Do You Need? [Formula Inside],The exact mathematical cheat sheet for homeowners and DIYers. Avoid running out of materials or overspending on excess stock. Instant 2-way metric & imperial calculations! 📐 #ConstructionMath #HomeRepair #DIYHacks #HomeImprovementTips #CraftCalcTools #Concrete-masonryGoals,https://tool-1-pied.vercel.app/calculators/concrete-masonry/concrete-slab-calculator,https://images.unsplash.com/photo-1541888946425-d0fbb18f15f6?auto=format&fit=crop&w=1000&q=80,Concrete & Masonry Projects,Concrete-masonry,Ready
110,The Ultimate DIY Cheat Sheet for Garage Floor Slab ✨,"Renovating on a budget? This smart trade calculator estimates exact quantities, bags, and cartons needed for your project with zero guesswork. Click to use the tool free! 💡 #RenovationBudget #SmartDIY #HomeImprovementIdeas #Concrete-masonryInspo #CraftCalc #ContractorApproved",https://tool-1-pied.vercel.app/calculators/concrete-masonry/concrete-slab-calculator,https://images.unsplash.com/photo-1581094794329-c8112a89af12?auto=format&fit=crop&w=1000&q=80,Concrete & Masonry Projects,Concrete-masonry,Ready
111,Don't Start Your 80Lb Bags For 10X10 Slab Before Using This Formula! 📐,"Planning a DIY renovation? Calculate exact material quantities, box packaging, and cutting waste in seconds with CraftCalc. Tap the link to run the numbers 100% free! 🛠️ #DIY #HomeRenovation #DIYProjects #HomeImprovement #Concrete-masonryTips #CraftCalc #RemodelHacks",https://tool-1-pied.vercel.app/calculators/concrete-masonry/concrete-bags-calculator,https://images.unsplash.com/photo-1589939705384-5185137a7f0f?auto=format&fit=crop&w=1000&q=80,Concrete & Masonry Projects,Concrete-masonry,Ready
112,How Much 60Lb Sakrete Concrete Bags Do You REALLY Need? [Free Estimator],"Never get stuck with material shortages mid-project! This contractor-verified calculator factors in perimeter cuts, diagonal waste, and whole carton rounding. Save this pin and tap to calculate free! 🏡 #HomeDecor #RenovationLife #ContractorHacks #DIYHome #HouseRemodel #Concrete-masonryDIY",https://tool-1-pied.vercel.app/calculators/concrete-masonry/concrete-bags-calculator,https://images.unsplash.com/photo-1513694203232-719a280e022f?auto=format&fit=crop&w=1000&q=80,Concrete & Masonry Projects,Concrete-masonry,Ready
113,"The 1-Minute Pre-Mix Concrete Bags (80lb, 60lb, 50lb) Cheat Sheet Every DIYer Needs","Before buying building materials, make sure you have the exact formula. Accurately calculate surface square footage, packaging units, and budget estimates in 1 click. Tap the pin to get started! 📌 #DIYInspiration #HouseMakeover #Concrete-masonryIdeas #BuildingMaterials #BudgetRenovation #CraftCalc",https://tool-1-pied.vercel.app/calculators/concrete-masonry/concrete-bags-calculator,https://images.unsplash.com/photo-1590381105924-c72589b9ef3f?auto=format&fit=crop&w=1000&q=80,Concrete & Masonry Projects,Concrete-masonry,Ready
114,"Avoid Costly Material Shortages: Pre-Mix Concrete Bags (80lb, 60lb, 50lb) Matrix",The exact mathematical cheat sheet for homeowners and DIYers. Avoid running out of materials or overspending on excess stock. Instant 2-way metric & imperial calculations! 📐 #ConstructionMath #HomeRepair #DIYHacks #HomeImprovementTips #CraftCalcTools #Concrete-masonryGoals,https://tool-1-pied.vercel.app/calculators/concrete-masonry/concrete-bags-calculator,https://images.unsplash.com/photo-1600585154340-be6161a56a0c?auto=format&fit=crop&w=1000&q=80,Concrete & Masonry Projects,Concrete-masonry,Ready
115,How to Calculate Diy Concrete Mixing Without Waste or Guesswork,"Renovating on a budget? This smart trade calculator estimates exact quantities, bags, and cartons needed for your project with zero guesswork. Click to use the tool free! 💡 #RenovationBudget #SmartDIY #HomeImprovementIdeas #Concrete-masonryInspo #CraftCalc #ContractorApproved",https://tool-1-pied.vercel.app/calculators/concrete-masonry/concrete-bags-calculator,https://images.unsplash.com/photo-1590381105924-c72589b9ef3f?auto=format&fit=crop&w=1000&q=80,Concrete & Masonry Projects,Concrete-masonry,Ready
116,Contractor Secret: The Exact Math for Standard Red Bricks Per Sq Ft 🛠️,"Planning a DIY renovation? Calculate exact material quantities, box packaging, and cutting waste in seconds with CraftCalc. Tap the link to run the numbers 100% free! 🛠️ #DIY #HomeRenovation #DIYProjects #HomeImprovement #Concrete-masonryTips #CraftCalc #RemodelHacks",https://tool-1-pied.vercel.app/calculators/concrete-masonry/brick-calculator,https://images.unsplash.com/photo-1541888946425-d0fbb18f15f6?auto=format&fit=crop&w=1000&q=80,Concrete & Masonry Projects,Concrete-masonry,Ready
117,Stop Overpaying at Home Depot: Use This Wall Bricks & Veneer Estimator,"Never get stuck with material shortages mid-project! This contractor-verified calculator factors in perimeter cuts, diagonal waste, and whole carton rounding. Save this pin and tap to calculate free! 🏡 #HomeDecor #RenovationLife #ContractorHacks #DIYHome #HouseRemodel #Concrete-masonryDIY",https://tool-1-pied.vercel.app/calculators/concrete-masonry/brick-calculator,https://images.unsplash.com/photo-1581094794329-c8112a89af12?auto=format&fit=crop&w=1000&q=80,Concrete & Masonry Projects,Concrete-masonry,Ready
118,Step-by-Step Wall Bricks & Veneer Estimator with Real-World Waste Buffers,"Before buying building materials, make sure you have the exact formula. Accurately calculate surface square footage, packaging units, and budget estimates in 1 click. Tap the pin to get started! 📌 #DIYInspiration #HouseMakeover #Concrete-masonryIdeas #BuildingMaterials #BudgetRenovation #CraftCalc",https://tool-1-pied.vercel.app/calculators/concrete-masonry/brick-calculator,https://images.unsplash.com/photo-1589939705384-5185137a7f0f?auto=format&fit=crop&w=1000&q=80,Concrete & Masonry Projects,Concrete-masonry,Ready
119,How Many Boxes/Bags of Brick Fire Pit Math Do You Need? [Formula Inside],The exact mathematical cheat sheet for homeowners and DIYers. Avoid running out of materials or overspending on excess stock. Instant 2-way metric & imperial calculations! 📐 #ConstructionMath #HomeRepair #DIYHacks #HomeImprovementTips #CraftCalcTools #Concrete-masonryGoals,https://tool-1-pied.vercel.app/calculators/concrete-masonry/brick-calculator,https://images.unsplash.com/photo-1513694203232-719a280e022f?auto=format&fit=crop&w=1000&q=80,Concrete & Masonry Projects,Concrete-masonry,Ready
120,The Ultimate DIY Cheat Sheet for Brick Walkway ✨,"Renovating on a budget? This smart trade calculator estimates exact quantities, bags, and cartons needed for your project with zero guesswork. Click to use the tool free! 💡 #RenovationBudget #SmartDIY #HomeImprovementIdeas #Concrete-masonryInspo #CraftCalc #ContractorApproved",https://tool-1-pied.vercel.app/calculators/concrete-masonry/brick-calculator,https://images.unsplash.com/photo-1590381105924-c72589b9ef3f?auto=format&fit=crop&w=1000&q=80,Concrete & Masonry Projects,Concrete-masonry,Ready
121,Don't Start Your Concrete Cinder Blocks Before Using This Formula! 📐,"Planning a DIY renovation? Calculate exact material quantities, box packaging, and cutting waste in seconds with CraftCalc. Tap the link to run the numbers 100% free! 🛠️ #DIY #HomeRenovation #DIYProjects #HomeImprovement #Concrete-masonryTips #CraftCalc #RemodelHacks",https://tool-1-pied.vercel.app/calculators/concrete-masonry/block-calculator,https://images.unsplash.com/photo-1600585154340-be6161a56a0c?auto=format&fit=crop&w=1000&q=80,Concrete & Masonry Projects,Concrete-masonry,Ready
122,How Much Cmu Foundation Wall Do You REALLY Need? [Free Estimator],"Never get stuck with material shortages mid-project! This contractor-verified calculator factors in perimeter cuts, diagonal waste, and whole carton rounding. Save this pin and tap to calculate free! 🏡 #HomeDecor #RenovationLife #ContractorHacks #DIYHome #HouseRemodel #Concrete-masonryDIY",https://tool-1-pied.vercel.app/calculators/concrete-masonry/block-calculator,https://images.unsplash.com/photo-1590381105924-c72589b9ef3f?auto=format&fit=crop&w=1000&q=80,Concrete & Masonry Projects,Concrete-masonry,Ready
123,The 1-Minute 8x8x16 Cinder Block (CMU) Estimator Cheat Sheet Every DIYer Needs,"Before buying building materials, make sure you have the exact formula. Accurately calculate surface square footage, packaging units, and budget estimates in 1 click. Tap the pin to get started! 📌 #DIYInspiration #HouseMakeover #Concrete-masonryIdeas #BuildingMaterials #BudgetRenovation #CraftCalc",https://tool-1-pied.vercel.app/calculators/concrete-masonry/block-calculator,https://images.unsplash.com/photo-1541888946425-d0fbb18f15f6?auto=format&fit=crop&w=1000&q=80,Concrete & Masonry Projects,Concrete-masonry,Ready
124,Avoid Costly Material Shortages: 8x8x16 Cinder Block (CMU) Estimator Matrix,The exact mathematical cheat sheet for homeowners and DIYers. Avoid running out of materials or overspending on excess stock. Instant 2-way metric & imperial calculations! 📐 #ConstructionMath #HomeRepair #DIYHacks #HomeImprovementTips #CraftCalcTools #Concrete-masonryGoals,https://tool-1-pied.vercel.app/calculators/concrete-masonry/block-calculator,https://images.unsplash.com/photo-1581094794329-c8112a89af12?auto=format&fit=crop&w=1000&q=80,Concrete & Masonry Projects,Concrete-masonry,Ready
125,How to Calculate Garden Block Wall Without Waste or Guesswork,"Renovating on a budget? This smart trade calculator estimates exact quantities, bags, and cartons needed for your project with zero guesswork. Click to use the tool free! 💡 #RenovationBudget #SmartDIY #HomeImprovementIdeas #Concrete-masonryInspo #CraftCalc #ContractorApproved",https://tool-1-pied.vercel.app/calculators/concrete-masonry/block-calculator,https://images.unsplash.com/photo-1589939705384-5185137a7f0f?auto=format&fit=crop&w=1000&q=80,Concrete & Masonry Projects,Concrete-masonry,Ready
126,Contractor Secret: The Exact Math for Masonry Mortar Bags 🛠️,"Planning a DIY renovation? Calculate exact material quantities, box packaging, and cutting waste in seconds with CraftCalc. Tap the link to run the numbers 100% free! 🛠️ #DIY #HomeRenovation #DIYProjects #HomeImprovement #Concrete-masonryTips #CraftCalc #RemodelHacks",https://tool-1-pied.vercel.app/calculators/concrete-masonry/mortar-calculator,https://images.unsplash.com/photo-1513694203232-719a280e022f?auto=format&fit=crop&w=1000&q=80,Concrete & Masonry Projects,Concrete-masonry,Ready
127,Stop Overpaying at Home Depot: Use This Type N & Type S Mortar Estimator,"Never get stuck with material shortages mid-project! This contractor-verified calculator factors in perimeter cuts, diagonal waste, and whole carton rounding. Save this pin and tap to calculate free! 🏡 #HomeDecor #RenovationLife #ContractorHacks #DIYHome #HouseRemodel #Concrete-masonryDIY",https://tool-1-pied.vercel.app/calculators/concrete-masonry/mortar-calculator,https://images.unsplash.com/photo-1590381105924-c72589b9ef3f?auto=format&fit=crop&w=1000&q=80,Concrete & Masonry Projects,Concrete-masonry,Ready
128,Step-by-Step Type N & Type S Mortar Estimator with Real-World Waste Buffers,"Before buying building materials, make sure you have the exact formula. Accurately calculate surface square footage, packaging units, and budget estimates in 1 click. Tap the pin to get started! 📌 #DIYInspiration #HouseMakeover #Concrete-masonryIdeas #BuildingMaterials #BudgetRenovation #CraftCalc",https://tool-1-pied.vercel.app/calculators/concrete-masonry/mortar-calculator,https://images.unsplash.com/photo-1600585154340-be6161a56a0c?auto=format&fit=crop&w=1000&q=80,Concrete & Masonry Projects,Concrete-masonry,Ready
129,How Many Boxes/Bags of Brick Joint Mortar Do You Need? [Formula Inside],The exact mathematical cheat sheet for homeowners and DIYers. Avoid running out of materials or overspending on excess stock. Instant 2-way metric & imperial calculations! 📐 #ConstructionMath #HomeRepair #DIYHacks #HomeImprovementTips #CraftCalcTools #Concrete-masonryGoals,https://tool-1-pied.vercel.app/calculators/concrete-masonry/mortar-calculator,https://images.unsplash.com/photo-1590381105924-c72589b9ef3f?auto=format&fit=crop&w=1000&q=80,Concrete & Masonry Projects,Concrete-masonry,Ready
130,The Ultimate DIY Cheat Sheet for Tuckpointing Mortar ✨,"Renovating on a budget? This smart trade calculator estimates exact quantities, bags, and cartons needed for your project with zero guesswork. Click to use the tool free! 💡 #RenovationBudget #SmartDIY #HomeImprovementIdeas #Concrete-masonryInspo #CraftCalc #ContractorApproved",https://tool-1-pied.vercel.app/calculators/concrete-masonry/mortar-calculator,https://images.unsplash.com/photo-1541888946425-d0fbb18f15f6?auto=format&fit=crop&w=1000&q=80,Concrete & Masonry Projects,Concrete-masonry,Ready
131,Don't Start Your Concrete Patio Slab Before Using This Formula! 📐,"Planning a DIY renovation? Calculate exact material quantities, box packaging, and cutting waste in seconds with CraftCalc. Tap the link to run the numbers 100% free! 🛠️ #DIY #HomeRenovation #DIYProjects #HomeImprovement #Concrete-masonryTips #CraftCalc #RemodelHacks",https://tool-1-pied.vercel.app/calculators/concrete-masonry/concrete-calculator,https://images.unsplash.com/photo-1581094794329-c8112a89af12?auto=format&fit=crop&w=1000&q=80,Concrete & Masonry Projects,Concrete-masonry,Ready
132,How Much Concrete Volume Formula Do You REALLY Need? [Free Estimator],"Never get stuck with material shortages mid-project! This contractor-verified calculator factors in perimeter cuts, diagonal waste, and whole carton rounding. Save this pin and tap to calculate free! 🏡 #HomeDecor #RenovationLife #ContractorHacks #DIYHome #HouseRemodel #Concrete-masonryDIY",https://tool-1-pied.vercel.app/calculators/concrete-masonry/concrete-calculator,https://images.unsplash.com/photo-1589939705384-5185137a7f0f?auto=format&fit=crop&w=1000&q=80,Concrete & Masonry Projects,Concrete-masonry,Ready
133,The 1-Minute Cubic Yard Concrete Estimator Cheat Sheet Every DIYer Needs,"Before buying building materials, make sure you have the exact formula. Accurately calculate surface square footage, packaging units, and budget estimates in 1 click. Tap the pin to get started! 📌 #DIYInspiration #HouseMakeover #Concrete-masonryIdeas #BuildingMaterials #BudgetRenovation #CraftCalc",https://tool-1-pied.vercel.app/calculators/concrete-masonry/concrete-calculator,https://images.unsplash.com/photo-1513694203232-719a280e022f?auto=format&fit=crop&w=1000&q=80,Concrete & Masonry Projects,Concrete-masonry,Ready
134,Avoid Costly Material Shortages: Cubic Yard Concrete Estimator Matrix,The exact mathematical cheat sheet for homeowners and DIYers. Avoid running out of materials or overspending on excess stock. Instant 2-way metric & imperial calculations! 📐 #ConstructionMath #HomeRepair #DIYHacks #HomeImprovementTips #CraftCalcTools #Concrete-masonryGoals,https://tool-1-pied.vercel.app/calculators/concrete-masonry/concrete-calculator,https://images.unsplash.com/photo-1590381105924-c72589b9ef3f?auto=format&fit=crop&w=1000&q=80,Concrete & Masonry Projects,Concrete-masonry,Ready
135,How to Calculate Driveway Concrete Without Waste or Guesswork,"Renovating on a budget? This smart trade calculator estimates exact quantities, bags, and cartons needed for your project with zero guesswork. Click to use the tool free! 💡 #RenovationBudget #SmartDIY #HomeImprovementIdeas #Concrete-masonryInspo #CraftCalc #ContractorApproved",https://tool-1-pied.vercel.app/calculators/concrete-masonry/concrete-calculator,https://images.unsplash.com/photo-1600585154340-be6161a56a0c?auto=format&fit=crop&w=1000&q=80,Concrete & Masonry Projects,Concrete-masonry,Ready
136,Contractor Secret: The Exact Math for 4 Inch Concrete Slab 🛠️,"Planning a DIY renovation? Calculate exact material quantities, box packaging, and cutting waste in seconds with CraftCalc. Tap the link to run the numbers 100% free! 🛠️ #DIY #HomeRenovation #DIYProjects #HomeImprovement #Concrete-masonryTips #CraftCalc #RemodelHacks",https://tool-1-pied.vercel.app/calculators/concrete-masonry/concrete-slab-calculator,https://images.unsplash.com/photo-1590381105924-c72589b9ef3f?auto=format&fit=crop&w=1000&q=80,Concrete & Masonry Projects,Concrete-masonry,Ready
137,"Stop Overpaying at Home Depot: Use This Concrete Slab, Rebar & Gravel Estimator","Never get stuck with material shortages mid-project! This contractor-verified calculator factors in perimeter cuts, diagonal waste, and whole carton rounding. Save this pin and tap to calculate free! 🏡 #HomeDecor #RenovationLife #ContractorHacks #DIYHome #HouseRemodel #Concrete-masonryDIY",https://tool-1-pied.vercel.app/calculators/concrete-masonry/concrete-slab-calculator,https://images.unsplash.com/photo-1541888946425-d0fbb18f15f6?auto=format&fit=crop&w=1000&q=80,Concrete & Masonry Projects,Concrete-masonry,Ready
138,"Step-by-Step Concrete Slab, Rebar & Gravel Estimator with Real-World Waste Buffers","Before buying building materials, make sure you have the exact formula. Accurately calculate surface square footage, packaging units, and budget estimates in 1 click. Tap the pin to get started! 📌 #DIYInspiration #HouseMakeover #Concrete-masonryIdeas #BuildingMaterials #BudgetRenovation #CraftCalc",https://tool-1-pied.vercel.app/calculators/concrete-masonry/concrete-slab-calculator,https://images.unsplash.com/photo-1581094794329-c8112a89af12?auto=format&fit=crop&w=1000&q=80,Concrete & Masonry Projects,Concrete-masonry,Ready
139,How Many Boxes/Bags of Shed Slab Concrete Do You Need? [Formula Inside],The exact mathematical cheat sheet for homeowners and DIYers. Avoid running out of materials or overspending on excess stock. Instant 2-way metric & imperial calculations! 📐 #ConstructionMath #HomeRepair #DIYHacks #HomeImprovementTips #CraftCalcTools #Concrete-masonryGoals,https://tool-1-pied.vercel.app/calculators/concrete-masonry/concrete-slab-calculator,https://images.unsplash.com/photo-1589939705384-5185137a7f0f?auto=format&fit=crop&w=1000&q=80,Concrete & Masonry Projects,Concrete-masonry,Ready
140,The Ultimate DIY Cheat Sheet for Garage Floor Slab ✨,"Renovating on a budget? This smart trade calculator estimates exact quantities, bags, and cartons needed for your project with zero guesswork. Click to use the tool free! 💡 #RenovationBudget #SmartDIY #HomeImprovementIdeas #Concrete-masonryInspo #CraftCalc #ContractorApproved",https://tool-1-pied.vercel.app/calculators/concrete-masonry/concrete-slab-calculator,https://images.unsplash.com/photo-1513694203232-719a280e022f?auto=format&fit=crop&w=1000&q=80,Concrete & Masonry Projects,Concrete-masonry,Ready
141,Don't Start Your 80Lb Bags For 10X10 Slab Before Using This Formula! 📐,"Planning a DIY renovation? Calculate exact material quantities, box packaging, and cutting waste in seconds with CraftCalc. Tap the link to run the numbers 100% free! 🛠️ #DIY #HomeRenovation #DIYProjects #HomeImprovement #Concrete-masonryTips #CraftCalc #RemodelHacks",https://tool-1-pied.vercel.app/calculators/concrete-masonry/concrete-bags-calculator,https://images.unsplash.com/photo-1590381105924-c72589b9ef3f?auto=format&fit=crop&w=1000&q=80,Concrete & Masonry Projects,Concrete-masonry,Ready
142,How Much 60Lb Sakrete Concrete Bags Do You REALLY Need? [Free Estimator],"Never get stuck with material shortages mid-project! This contractor-verified calculator factors in perimeter cuts, diagonal waste, and whole carton rounding. Save this pin and tap to calculate free! 🏡 #HomeDecor #RenovationLife #ContractorHacks #DIYHome #HouseRemodel #Concrete-masonryDIY",https://tool-1-pied.vercel.app/calculators/concrete-masonry/concrete-bags-calculator,https://images.unsplash.com/photo-1600585154340-be6161a56a0c?auto=format&fit=crop&w=1000&q=80,Concrete & Masonry Projects,Concrete-masonry,Ready
143,"The 1-Minute Pre-Mix Concrete Bags (80lb, 60lb, 50lb) Cheat Sheet Every DIYer Needs","Before buying building materials, make sure you have the exact formula. Accurately calculate surface square footage, packaging units, and budget estimates in 1 click. Tap the pin to get started! 📌 #DIYInspiration #HouseMakeover #Concrete-masonryIdeas #BuildingMaterials #BudgetRenovation #CraftCalc",https://tool-1-pied.vercel.app/calculators/concrete-masonry/concrete-bags-calculator,https://images.unsplash.com/photo-1590381105924-c72589b9ef3f?auto=format&fit=crop&w=1000&q=80,Concrete & Masonry Projects,Concrete-masonry,Ready
144,"Avoid Costly Material Shortages: Pre-Mix Concrete Bags (80lb, 60lb, 50lb) Matrix",The exact mathematical cheat sheet for homeowners and DIYers. Avoid running out of materials or overspending on excess stock. Instant 2-way metric & imperial calculations! 📐 #ConstructionMath #HomeRepair #DIYHacks #HomeImprovementTips #CraftCalcTools #Concrete-masonryGoals,https://tool-1-pied.vercel.app/calculators/concrete-masonry/concrete-bags-calculator,https://images.unsplash.com/photo-1541888946425-d0fbb18f15f6?auto=format&fit=crop&w=1000&q=80,Concrete & Masonry Projects,Concrete-masonry,Ready
145,How to Calculate Diy Concrete Mixing Without Waste or Guesswork,"Renovating on a budget? This smart trade calculator estimates exact quantities, bags, and cartons needed for your project with zero guesswork. Click to use the tool free! 💡 #RenovationBudget #SmartDIY #HomeImprovementIdeas #Concrete-masonryInspo #CraftCalc #ContractorApproved",https://tool-1-pied.vercel.app/calculators/concrete-masonry/concrete-bags-calculator,https://images.unsplash.com/photo-1581094794329-c8112a89af12?auto=format&fit=crop&w=1000&q=80,Concrete & Masonry Projects,Concrete-masonry,Ready
146,Contractor Secret: The Exact Math for Standard Red Bricks Per Sq Ft 🛠️,"Planning a DIY renovation? Calculate exact material quantities, box packaging, and cutting waste in seconds with CraftCalc. Tap the link to run the numbers 100% free! 🛠️ #DIY #HomeRenovation #DIYProjects #HomeImprovement #Concrete-masonryTips #CraftCalc #RemodelHacks",https://tool-1-pied.vercel.app/calculators/concrete-masonry/brick-calculator,https://images.unsplash.com/photo-1589939705384-5185137a7f0f?auto=format&fit=crop&w=1000&q=80,Concrete & Masonry Projects,Concrete-masonry,Ready
147,Stop Overpaying at Home Depot: Use This Wall Bricks & Veneer Estimator,"Never get stuck with material shortages mid-project! This contractor-verified calculator factors in perimeter cuts, diagonal waste, and whole carton rounding. Save this pin and tap to calculate free! 🏡 #HomeDecor #RenovationLife #ContractorHacks #DIYHome #HouseRemodel #Concrete-masonryDIY",https://tool-1-pied.vercel.app/calculators/concrete-masonry/brick-calculator,https://images.unsplash.com/photo-1513694203232-719a280e022f?auto=format&fit=crop&w=1000&q=80,Concrete & Masonry Projects,Concrete-masonry,Ready
148,Step-by-Step Wall Bricks & Veneer Estimator with Real-World Waste Buffers,"Before buying building materials, make sure you have the exact formula. Accurately calculate surface square footage, packaging units, and budget estimates in 1 click. Tap the pin to get started! 📌 #DIYInspiration #HouseMakeover #Concrete-masonryIdeas #BuildingMaterials #BudgetRenovation #CraftCalc",https://tool-1-pied.vercel.app/calculators/concrete-masonry/brick-calculator,https://images.unsplash.com/photo-1590381105924-c72589b9ef3f?auto=format&fit=crop&w=1000&q=80,Concrete & Masonry Projects,Concrete-masonry,Ready
149,How Many Boxes/Bags of Brick Fire Pit Math Do You Need? [Formula Inside],The exact mathematical cheat sheet for homeowners and DIYers. Avoid running out of materials or overspending on excess stock. Instant 2-way metric & imperial calculations! 📐 #ConstructionMath #HomeRepair #DIYHacks #HomeImprovementTips #CraftCalcTools #Concrete-masonryGoals,https://tool-1-pied.vercel.app/calculators/concrete-masonry/brick-calculator,https://images.unsplash.com/photo-1600585154340-be6161a56a0c?auto=format&fit=crop&w=1000&q=80,Concrete & Masonry Projects,Concrete-masonry,Ready
150,The Ultimate DIY Cheat Sheet for Brick Walkway ✨,"Renovating on a budget? This smart trade calculator estimates exact quantities, bags, and cartons needed for your project with zero guesswork. Click to use the tool free! 💡 #RenovationBudget #SmartDIY #HomeImprovementIdeas #Concrete-masonryInspo #CraftCalc #ContractorApproved",https://tool-1-pied.vercel.app/calculators/concrete-masonry/brick-calculator,https://images.unsplash.com/photo-1590381105924-c72589b9ef3f?auto=format&fit=crop&w=1000&q=80,Concrete & Masonry Projects,Concrete-masonry,Ready
151,Don't Start Your Pea Gravel Driveway Before Using This Formula! 📐,"Planning a DIY renovation? Calculate exact material quantities, box packaging, and cutting waste in seconds with CraftCalc. Tap the link to run the numbers 100% free! 🛠️ #DIY #HomeRenovation #DIYProjects #HomeImprovement #GardenTips #CraftCalc #RemodelHacks",https://tool-1-pied.vercel.app/calculators/garden/gravel-calculator,https://images.unsplash.com/photo-1558904541-efa8c4a08931?auto=format&fit=crop&w=1000&q=80,Backyard & Garden Landscaping,Garden,Ready
152,How Much Crushed Stone Tons Do You REALLY Need? [Free Estimator],"Never get stuck with material shortages mid-project! This contractor-verified calculator factors in perimeter cuts, diagonal waste, and whole carton rounding. Save this pin and tap to calculate free! 🏡 #HomeDecor #RenovationLife #ContractorHacks #DIYHome #HouseRemodel #GardenDIY",https://tool-1-pied.vercel.app/calculators/garden/gravel-calculator,https://images.unsplash.com/photo-1585320806297-9794b3e4eeae?auto=format&fit=crop&w=1000&q=80,Backyard & Garden Landscaping,Garden,Ready
153,The 1-Minute Crushed Gravel & Stone Estimator Cheat Sheet Every DIYer Needs,"Before buying building materials, make sure you have the exact formula. Accurately calculate surface square footage, packaging units, and budget estimates in 1 click. Tap the pin to get started! 📌 #DIYInspiration #HouseMakeover #GardenIdeas #BuildingMaterials #BudgetRenovation #CraftCalc",https://tool-1-pied.vercel.app/calculators/garden/gravel-calculator,https://images.unsplash.com/photo-1598902108854-10e335adac99?auto=format&fit=crop&w=1000&q=80,Backyard & Garden Landscaping,Garden,Ready
154,Avoid Costly Material Shortages: Crushed Gravel & Stone Estimator Matrix,The exact mathematical cheat sheet for homeowners and DIYers. Avoid running out of materials or overspending on excess stock. Instant 2-way metric & imperial calculations! 📐 #ConstructionMath #HomeRepair #DIYHacks #HomeImprovementTips #CraftCalcTools #GardenGoals,https://tool-1-pied.vercel.app/calculators/garden/gravel-calculator,https://images.unsplash.com/photo-1513694203232-719a280e022f?auto=format&fit=crop&w=1000&q=80,Backyard & Garden Landscaping,Garden,Ready
155,How to Calculate Landscape Rock Volume Without Waste or Guesswork,"Renovating on a budget? This smart trade calculator estimates exact quantities, bags, and cartons needed for your project with zero guesswork. Click to use the tool free! 💡 #RenovationBudget #SmartDIY #HomeImprovementIdeas #GardenInspo #CraftCalc #ContractorApproved",https://tool-1-pied.vercel.app/calculators/garden/gravel-calculator,https://images.unsplash.com/photo-1600585154340-be6161a56a0c?auto=format&fit=crop&w=1000&q=80,Backyard & Garden Landscaping,Garden,Ready
156,Contractor Secret: The Exact Math for Wood Bark Mulch Bags 🛠️,"Planning a DIY renovation? Calculate exact material quantities, box packaging, and cutting waste in seconds with CraftCalc. Tap the link to run the numbers 100% free! 🛠️ #DIY #HomeRenovation #DIYProjects #HomeImprovement #GardenTips #CraftCalc #RemodelHacks",https://tool-1-pied.vercel.app/calculators/garden/mulch-calculator,https://images.unsplash.com/photo-1592417817098-8f3d69109853?auto=format&fit=crop&w=1000&q=80,Backyard & Garden Landscaping,Garden,Ready
157,Stop Overpaying at Home Depot: Use This Garden Mulch (Bags & Yards) Estimator,"Never get stuck with material shortages mid-project! This contractor-verified calculator factors in perimeter cuts, diagonal waste, and whole carton rounding. Save this pin and tap to calculate free! 🏡 #HomeDecor #RenovationLife #ContractorHacks #DIYHome #HouseRemodel #GardenDIY",https://tool-1-pied.vercel.app/calculators/garden/mulch-calculator,https://images.unsplash.com/photo-1590381105924-c72589b9ef3f?auto=format&fit=crop&w=1000&q=80,Backyard & Garden Landscaping,Garden,Ready
158,Step-by-Step Garden Mulch (Bags & Yards) Estimator with Real-World Waste Buffers,"Before buying building materials, make sure you have the exact formula. Accurately calculate surface square footage, packaging units, and budget estimates in 1 click. Tap the pin to get started! 📌 #DIYInspiration #HouseMakeover #GardenIdeas #BuildingMaterials #BudgetRenovation #CraftCalc",https://tool-1-pied.vercel.app/calculators/garden/mulch-calculator,https://images.unsplash.com/photo-1558904541-efa8c4a08931?auto=format&fit=crop&w=1000&q=80,Backyard & Garden Landscaping,Garden,Ready
159,How Many Boxes/Bags of Cubic Yards Of Black Mulch Do You Need? [Formula Inside],The exact mathematical cheat sheet for homeowners and DIYers. Avoid running out of materials or overspending on excess stock. Instant 2-way metric & imperial calculations! 📐 #ConstructionMath #HomeRepair #DIYHacks #HomeImprovementTips #CraftCalcTools #GardenGoals,https://tool-1-pied.vercel.app/calculators/garden/mulch-calculator,https://images.unsplash.com/photo-1585320806297-9794b3e4eeae?auto=format&fit=crop&w=1000&q=80,Backyard & Garden Landscaping,Garden,Ready
160,The Ultimate DIY Cheat Sheet for Flower Bed Coverage ✨,"Renovating on a budget? This smart trade calculator estimates exact quantities, bags, and cartons needed for your project with zero guesswork. Click to use the tool free! 💡 #RenovationBudget #SmartDIY #HomeImprovementIdeas #GardenInspo #CraftCalc #ContractorApproved",https://tool-1-pied.vercel.app/calculators/garden/mulch-calculator,https://images.unsplash.com/photo-1598902108854-10e335adac99?auto=format&fit=crop&w=1000&q=80,Backyard & Garden Landscaping,Garden,Ready
161,Don't Start Your Raised Bed Garden Soil Before Using This Formula! 📐,"Planning a DIY renovation? Calculate exact material quantities, box packaging, and cutting waste in seconds with CraftCalc. Tap the link to run the numbers 100% free! 🛠️ #DIY #HomeRenovation #DIYProjects #HomeImprovement #GardenTips #CraftCalc #RemodelHacks",https://tool-1-pied.vercel.app/calculators/garden/soil-calculator,https://images.unsplash.com/photo-1513694203232-719a280e022f?auto=format&fit=crop&w=1000&q=80,Backyard & Garden Landscaping,Garden,Ready
162,How Much Topsoil Cubic Yards Do You REALLY Need? [Free Estimator],"Never get stuck with material shortages mid-project! This contractor-verified calculator factors in perimeter cuts, diagonal waste, and whole carton rounding. Save this pin and tap to calculate free! 🏡 #HomeDecor #RenovationLife #ContractorHacks #DIYHome #HouseRemodel #GardenDIY",https://tool-1-pied.vercel.app/calculators/garden/soil-calculator,https://images.unsplash.com/photo-1600585154340-be6161a56a0c?auto=format&fit=crop&w=1000&q=80,Backyard & Garden Landscaping,Garden,Ready
163,The 1-Minute Topsoil & Garden Bed Soil Estimator Cheat Sheet Every DIYer Needs,"Before buying building materials, make sure you have the exact formula. Accurately calculate surface square footage, packaging units, and budget estimates in 1 click. Tap the pin to get started! 📌 #DIYInspiration #HouseMakeover #GardenIdeas #BuildingMaterials #BudgetRenovation #CraftCalc",https://tool-1-pied.vercel.app/calculators/garden/soil-calculator,https://images.unsplash.com/photo-1592417817098-8f3d69109853?auto=format&fit=crop&w=1000&q=80,Backyard & Garden Landscaping,Garden,Ready
164,Avoid Costly Material Shortages: Topsoil & Garden Bed Soil Estimator Matrix,The exact mathematical cheat sheet for homeowners and DIYers. Avoid running out of materials or overspending on excess stock. Instant 2-way metric & imperial calculations! 📐 #ConstructionMath #HomeRepair #DIYHacks #HomeImprovementTips #CraftCalcTools #GardenGoals,https://tool-1-pied.vercel.app/calculators/garden/soil-calculator,https://images.unsplash.com/photo-1590381105924-c72589b9ef3f?auto=format&fit=crop&w=1000&q=80,Backyard & Garden Landscaping,Garden,Ready
165,How to Calculate Lawn Leveling Topsoil Without Waste or Guesswork,"Renovating on a budget? This smart trade calculator estimates exact quantities, bags, and cartons needed for your project with zero guesswork. Click to use the tool free! 💡 #RenovationBudget #SmartDIY #HomeImprovementIdeas #GardenInspo #CraftCalc #ContractorApproved",https://tool-1-pied.vercel.app/calculators/garden/soil-calculator,https://images.unsplash.com/photo-1558904541-efa8c4a08931?auto=format&fit=crop&w=1000&q=80,Backyard & Garden Landscaping,Garden,Ready
166,Contractor Secret: The Exact Math for Sod Rolls For Lawn 🛠️,"Planning a DIY renovation? Calculate exact material quantities, box packaging, and cutting waste in seconds with CraftCalc. Tap the link to run the numbers 100% free! 🛠️ #DIY #HomeRenovation #DIYProjects #HomeImprovement #GardenTips #CraftCalc #RemodelHacks",https://tool-1-pied.vercel.app/calculators/garden/turf-calculator,https://images.unsplash.com/photo-1585320806297-9794b3e4eeae?auto=format&fit=crop&w=1000&q=80,Backyard & Garden Landscaping,Garden,Ready
167,Stop Overpaying at Home Depot: Use This Sod Grass & Turf Roll Estimator,"Never get stuck with material shortages mid-project! This contractor-verified calculator factors in perimeter cuts, diagonal waste, and whole carton rounding. Save this pin and tap to calculate free! 🏡 #HomeDecor #RenovationLife #ContractorHacks #DIYHome #HouseRemodel #GardenDIY",https://tool-1-pied.vercel.app/calculators/garden/turf-calculator,https://images.unsplash.com/photo-1598902108854-10e335adac99?auto=format&fit=crop&w=1000&q=80,Backyard & Garden Landscaping,Garden,Ready
168,Step-by-Step Sod Grass & Turf Roll Estimator with Real-World Waste Buffers,"Before buying building materials, make sure you have the exact formula. Accurately calculate surface square footage, packaging units, and budget estimates in 1 click. Tap the pin to get started! 📌 #DIYInspiration #HouseMakeover #GardenIdeas #BuildingMaterials #BudgetRenovation #CraftCalc",https://tool-1-pied.vercel.app/calculators/garden/turf-calculator,https://images.unsplash.com/photo-1513694203232-719a280e022f?auto=format&fit=crop&w=1000&q=80,Backyard & Garden Landscaping,Garden,Ready
169,How Many Boxes/Bags of Turf Installation Waste Do You Need? [Formula Inside],The exact mathematical cheat sheet for homeowners and DIYers. Avoid running out of materials or overspending on excess stock. Instant 2-way metric & imperial calculations! 📐 #ConstructionMath #HomeRepair #DIYHacks #HomeImprovementTips #CraftCalcTools #GardenGoals,https://tool-1-pied.vercel.app/calculators/garden/turf-calculator,https://images.unsplash.com/photo-1600585154340-be6161a56a0c?auto=format&fit=crop&w=1000&q=80,Backyard & Garden Landscaping,Garden,Ready
170,The Ultimate DIY Cheat Sheet for Bermuda Grass Rolls ✨,"Renovating on a budget? This smart trade calculator estimates exact quantities, bags, and cartons needed for your project with zero guesswork. Click to use the tool free! 💡 #RenovationBudget #SmartDIY #HomeImprovementIdeas #GardenInspo #CraftCalc #ContractorApproved",https://tool-1-pied.vercel.app/calculators/garden/turf-calculator,https://images.unsplash.com/photo-1592417817098-8f3d69109853?auto=format&fit=crop&w=1000&q=80,Backyard & Garden Landscaping,Garden,Ready
171,Don't Start Your 6Ft Privacy Fence Before Using This Formula! 📐,"Planning a DIY renovation? Calculate exact material quantities, box packaging, and cutting waste in seconds with CraftCalc. Tap the link to run the numbers 100% free! 🛠️ #DIY #HomeRenovation #DIYProjects #HomeImprovement #GardenTips #CraftCalc #RemodelHacks",https://tool-1-pied.vercel.app/calculators/garden/fence-calculator,https://images.unsplash.com/photo-1590381105924-c72589b9ef3f?auto=format&fit=crop&w=1000&q=80,Backyard & Garden Landscaping,Garden,Ready
172,How Much Fence Posts 8Ft Spacing Do You REALLY Need? [Free Estimator],"Never get stuck with material shortages mid-project! This contractor-verified calculator factors in perimeter cuts, diagonal waste, and whole carton rounding. Save this pin and tap to calculate free! 🏡 #HomeDecor #RenovationLife #ContractorHacks #DIYHome #HouseRemodel #GardenDIY",https://tool-1-pied.vercel.app/calculators/garden/fence-calculator,https://images.unsplash.com/photo-1558904541-efa8c4a08931?auto=format&fit=crop&w=1000&q=80,Backyard & Garden Landscaping,Garden,Ready
173,The 1-Minute Wood Fence Posts & Pickets Estimator Cheat Sheet Every DIYer Needs,"Before buying building materials, make sure you have the exact formula. Accurately calculate surface square footage, packaging units, and budget estimates in 1 click. Tap the pin to get started! 📌 #DIYInspiration #HouseMakeover #GardenIdeas #BuildingMaterials #BudgetRenovation #CraftCalc",https://tool-1-pied.vercel.app/calculators/garden/fence-calculator,https://images.unsplash.com/photo-1585320806297-9794b3e4eeae?auto=format&fit=crop&w=1000&q=80,Backyard & Garden Landscaping,Garden,Ready
174,Avoid Costly Material Shortages: Wood Fence Posts & Pickets Estimator Matrix,The exact mathematical cheat sheet for homeowners and DIYers. Avoid running out of materials or overspending on excess stock. Instant 2-way metric & imperial calculations! 📐 #ConstructionMath #HomeRepair #DIYHacks #HomeImprovementTips #CraftCalcTools #GardenGoals,https://tool-1-pied.vercel.app/calculators/garden/fence-calculator,https://images.unsplash.com/photo-1598902108854-10e335adac99?auto=format&fit=crop&w=1000&q=80,Backyard & Garden Landscaping,Garden,Ready
175,How to Calculate Post Hole Concrete Bags Without Waste or Guesswork,"Renovating on a budget? This smart trade calculator estimates exact quantities, bags, and cartons needed for your project with zero guesswork. Click to use the tool free! 💡 #RenovationBudget #SmartDIY #HomeImprovementIdeas #GardenInspo #CraftCalc #ContractorApproved",https://tool-1-pied.vercel.app/calculators/garden/fence-calculator,https://images.unsplash.com/photo-1513694203232-719a280e022f?auto=format&fit=crop&w=1000&q=80,Backyard & Garden Landscaping,Garden,Ready
176,Contractor Secret: The Exact Math for Paver Stones Per Sq Ft 🛠️,"Planning a DIY renovation? Calculate exact material quantities, box packaging, and cutting waste in seconds with CraftCalc. Tap the link to run the numbers 100% free! 🛠️ #DIY #HomeRenovation #DIYProjects #HomeImprovement #GardenTips #CraftCalc #RemodelHacks",https://tool-1-pied.vercel.app/calculators/garden/patio-calculator,https://images.unsplash.com/photo-1600585154340-be6161a56a0c?auto=format&fit=crop&w=1000&q=80,Backyard & Garden Landscaping,Garden,Ready
177,Stop Overpaying at Home Depot: Use This Interlocking Paver Patio Estimator,"Never get stuck with material shortages mid-project! This contractor-verified calculator factors in perimeter cuts, diagonal waste, and whole carton rounding. Save this pin and tap to calculate free! 🏡 #HomeDecor #RenovationLife #ContractorHacks #DIYHome #HouseRemodel #GardenDIY",https://tool-1-pied.vercel.app/calculators/garden/patio-calculator,https://images.unsplash.com/photo-1592417817098-8f3d69109853?auto=format&fit=crop&w=1000&q=80,Backyard & Garden Landscaping,Garden,Ready
178,Step-by-Step Interlocking Paver Patio Estimator with Real-World Waste Buffers,"Before buying building materials, make sure you have the exact formula. Accurately calculate surface square footage, packaging units, and budget estimates in 1 click. Tap the pin to get started! 📌 #DIYInspiration #HouseMakeover #GardenIdeas #BuildingMaterials #BudgetRenovation #CraftCalc",https://tool-1-pied.vercel.app/calculators/garden/patio-calculator,https://images.unsplash.com/photo-1590381105924-c72589b9ef3f?auto=format&fit=crop&w=1000&q=80,Backyard & Garden Landscaping,Garden,Ready
179,How Many Boxes/Bags of Backyard Patio Pavers Do You Need? [Formula Inside],The exact mathematical cheat sheet for homeowners and DIYers. Avoid running out of materials or overspending on excess stock. Instant 2-way metric & imperial calculations! 📐 #ConstructionMath #HomeRepair #DIYHacks #HomeImprovementTips #CraftCalcTools #GardenGoals,https://tool-1-pied.vercel.app/calculators/garden/patio-calculator,https://images.unsplash.com/photo-1558904541-efa8c4a08931?auto=format&fit=crop&w=1000&q=80,Backyard & Garden Landscaping,Garden,Ready
180,The Ultimate DIY Cheat Sheet for Herringbone Paver Layout ✨,"Renovating on a budget? This smart trade calculator estimates exact quantities, bags, and cartons needed for your project with zero guesswork. Click to use the tool free! 💡 #RenovationBudget #SmartDIY #HomeImprovementIdeas #GardenInspo #CraftCalc #ContractorApproved",https://tool-1-pied.vercel.app/calculators/garden/patio-calculator,https://images.unsplash.com/photo-1585320806297-9794b3e4eeae?auto=format&fit=crop&w=1000&q=80,Backyard & Garden Landscaping,Garden,Ready
181,Don't Start Your Pea Gravel Driveway Before Using This Formula! 📐,"Planning a DIY renovation? Calculate exact material quantities, box packaging, and cutting waste in seconds with CraftCalc. Tap the link to run the numbers 100% free! 🛠️ #DIY #HomeRenovation #DIYProjects #HomeImprovement #GardenTips #CraftCalc #RemodelHacks",https://tool-1-pied.vercel.app/calculators/garden/gravel-calculator,https://images.unsplash.com/photo-1598902108854-10e335adac99?auto=format&fit=crop&w=1000&q=80,Backyard & Garden Landscaping,Garden,Ready
182,How Much Crushed Stone Tons Do You REALLY Need? [Free Estimator],"Never get stuck with material shortages mid-project! This contractor-verified calculator factors in perimeter cuts, diagonal waste, and whole carton rounding. Save this pin and tap to calculate free! 🏡 #HomeDecor #RenovationLife #ContractorHacks #DIYHome #HouseRemodel #GardenDIY",https://tool-1-pied.vercel.app/calculators/garden/gravel-calculator,https://images.unsplash.com/photo-1513694203232-719a280e022f?auto=format&fit=crop&w=1000&q=80,Backyard & Garden Landscaping,Garden,Ready
183,The 1-Minute Crushed Gravel & Stone Estimator Cheat Sheet Every DIYer Needs,"Before buying building materials, make sure you have the exact formula. Accurately calculate surface square footage, packaging units, and budget estimates in 1 click. Tap the pin to get started! 📌 #DIYInspiration #HouseMakeover #GardenIdeas #BuildingMaterials #BudgetRenovation #CraftCalc",https://tool-1-pied.vercel.app/calculators/garden/gravel-calculator,https://images.unsplash.com/photo-1600585154340-be6161a56a0c?auto=format&fit=crop&w=1000&q=80,Backyard & Garden Landscaping,Garden,Ready
184,Avoid Costly Material Shortages: Crushed Gravel & Stone Estimator Matrix,The exact mathematical cheat sheet for homeowners and DIYers. Avoid running out of materials or overspending on excess stock. Instant 2-way metric & imperial calculations! 📐 #ConstructionMath #HomeRepair #DIYHacks #HomeImprovementTips #CraftCalcTools #GardenGoals,https://tool-1-pied.vercel.app/calculators/garden/gravel-calculator,https://images.unsplash.com/photo-1592417817098-8f3d69109853?auto=format&fit=crop&w=1000&q=80,Backyard & Garden Landscaping,Garden,Ready
185,How to Calculate Landscape Rock Volume Without Waste or Guesswork,"Renovating on a budget? This smart trade calculator estimates exact quantities, bags, and cartons needed for your project with zero guesswork. Click to use the tool free! 💡 #RenovationBudget #SmartDIY #HomeImprovementIdeas #GardenInspo #CraftCalc #ContractorApproved",https://tool-1-pied.vercel.app/calculators/garden/gravel-calculator,https://images.unsplash.com/photo-1590381105924-c72589b9ef3f?auto=format&fit=crop&w=1000&q=80,Backyard & Garden Landscaping,Garden,Ready
186,Contractor Secret: The Exact Math for Wood Bark Mulch Bags 🛠️,"Planning a DIY renovation? Calculate exact material quantities, box packaging, and cutting waste in seconds with CraftCalc. Tap the link to run the numbers 100% free! 🛠️ #DIY #HomeRenovation #DIYProjects #HomeImprovement #GardenTips #CraftCalc #RemodelHacks",https://tool-1-pied.vercel.app/calculators/garden/mulch-calculator,https://images.unsplash.com/photo-1558904541-efa8c4a08931?auto=format&fit=crop&w=1000&q=80,Backyard & Garden Landscaping,Garden,Ready
187,Stop Overpaying at Home Depot: Use This Garden Mulch (Bags & Yards) Estimator,"Never get stuck with material shortages mid-project! This contractor-verified calculator factors in perimeter cuts, diagonal waste, and whole carton rounding. Save this pin and tap to calculate free! 🏡 #HomeDecor #RenovationLife #ContractorHacks #DIYHome #HouseRemodel #GardenDIY",https://tool-1-pied.vercel.app/calculators/garden/mulch-calculator,https://images.unsplash.com/photo-1585320806297-9794b3e4eeae?auto=format&fit=crop&w=1000&q=80,Backyard & Garden Landscaping,Garden,Ready
188,Step-by-Step Garden Mulch (Bags & Yards) Estimator with Real-World Waste Buffers,"Before buying building materials, make sure you have the exact formula. Accurately calculate surface square footage, packaging units, and budget estimates in 1 click. Tap the pin to get started! 📌 #DIYInspiration #HouseMakeover #GardenIdeas #BuildingMaterials #BudgetRenovation #CraftCalc",https://tool-1-pied.vercel.app/calculators/garden/mulch-calculator,https://images.unsplash.com/photo-1598902108854-10e335adac99?auto=format&fit=crop&w=1000&q=80,Backyard & Garden Landscaping,Garden,Ready
189,How Many Boxes/Bags of Cubic Yards Of Black Mulch Do You Need? [Formula Inside],The exact mathematical cheat sheet for homeowners and DIYers. Avoid running out of materials or overspending on excess stock. Instant 2-way metric & imperial calculations! 📐 #ConstructionMath #HomeRepair #DIYHacks #HomeImprovementTips #CraftCalcTools #GardenGoals,https://tool-1-pied.vercel.app/calculators/garden/mulch-calculator,https://images.unsplash.com/photo-1513694203232-719a280e022f?auto=format&fit=crop&w=1000&q=80,Backyard & Garden Landscaping,Garden,Ready
190,The Ultimate DIY Cheat Sheet for Flower Bed Coverage ✨,"Renovating on a budget? This smart trade calculator estimates exact quantities, bags, and cartons needed for your project with zero guesswork. Click to use the tool free! 💡 #RenovationBudget #SmartDIY #HomeImprovementIdeas #GardenInspo #CraftCalc #ContractorApproved",https://tool-1-pied.vercel.app/calculators/garden/mulch-calculator,https://images.unsplash.com/photo-1600585154340-be6161a56a0c?auto=format&fit=crop&w=1000&q=80,Backyard & Garden Landscaping,Garden,Ready
191,Don't Start Your Raised Bed Garden Soil Before Using This Formula! 📐,"Planning a DIY renovation? Calculate exact material quantities, box packaging, and cutting waste in seconds with CraftCalc. Tap the link to run the numbers 100% free! 🛠️ #DIY #HomeRenovation #DIYProjects #HomeImprovement #GardenTips #CraftCalc #RemodelHacks",https://tool-1-pied.vercel.app/calculators/garden/soil-calculator,https://images.unsplash.com/photo-1592417817098-8f3d69109853?auto=format&fit=crop&w=1000&q=80,Backyard & Garden Landscaping,Garden,Ready
192,How Much Topsoil Cubic Yards Do You REALLY Need? [Free Estimator],"Never get stuck with material shortages mid-project! This contractor-verified calculator factors in perimeter cuts, diagonal waste, and whole carton rounding. Save this pin and tap to calculate free! 🏡 #HomeDecor #RenovationLife #ContractorHacks #DIYHome #HouseRemodel #GardenDIY",https://tool-1-pied.vercel.app/calculators/garden/soil-calculator,https://images.unsplash.com/photo-1590381105924-c72589b9ef3f?auto=format&fit=crop&w=1000&q=80,Backyard & Garden Landscaping,Garden,Ready
193,The 1-Minute Topsoil & Garden Bed Soil Estimator Cheat Sheet Every DIYer Needs,"Before buying building materials, make sure you have the exact formula. Accurately calculate surface square footage, packaging units, and budget estimates in 1 click. Tap the pin to get started! 📌 #DIYInspiration #HouseMakeover #GardenIdeas #BuildingMaterials #BudgetRenovation #CraftCalc",https://tool-1-pied.vercel.app/calculators/garden/soil-calculator,https://images.unsplash.com/photo-1558904541-efa8c4a08931?auto=format&fit=crop&w=1000&q=80,Backyard & Garden Landscaping,Garden,Ready
194,Avoid Costly Material Shortages: Topsoil & Garden Bed Soil Estimator Matrix,The exact mathematical cheat sheet for homeowners and DIYers. Avoid running out of materials or overspending on excess stock. Instant 2-way metric & imperial calculations! 📐 #ConstructionMath #HomeRepair #DIYHacks #HomeImprovementTips #CraftCalcTools #GardenGoals,https://tool-1-pied.vercel.app/calculators/garden/soil-calculator,https://images.unsplash.com/photo-1585320806297-9794b3e4eeae?auto=format&fit=crop&w=1000&q=80,Backyard & Garden Landscaping,Garden,Ready
195,How to Calculate Lawn Leveling Topsoil Without Waste or Guesswork,"Renovating on a budget? This smart trade calculator estimates exact quantities, bags, and cartons needed for your project with zero guesswork. Click to use the tool free! 💡 #RenovationBudget #SmartDIY #HomeImprovementIdeas #GardenInspo #CraftCalc #ContractorApproved",https://tool-1-pied.vercel.app/calculators/garden/soil-calculator,https://images.unsplash.com/photo-1598902108854-10e335adac99?auto=format&fit=crop&w=1000&q=80,Backyard & Garden Landscaping,Garden,Ready
196,Contractor Secret: The Exact Math for Sod Rolls For Lawn 🛠️,"Planning a DIY renovation? Calculate exact material quantities, box packaging, and cutting waste in seconds with CraftCalc. Tap the link to run the numbers 100% free! 🛠️ #DIY #HomeRenovation #DIYProjects #HomeImprovement #GardenTips #CraftCalc #RemodelHacks",https://tool-1-pied.vercel.app/calculators/garden/turf-calculator,https://images.unsplash.com/photo-1513694203232-719a280e022f?auto=format&fit=crop&w=1000&q=80,Backyard & Garden Landscaping,Garden,Ready
197,Stop Overpaying at Home Depot: Use This Sod Grass & Turf Roll Estimator,"Never get stuck with material shortages mid-project! This contractor-verified calculator factors in perimeter cuts, diagonal waste, and whole carton rounding. Save this pin and tap to calculate free! 🏡 #HomeDecor #RenovationLife #ContractorHacks #DIYHome #HouseRemodel #GardenDIY",https://tool-1-pied.vercel.app/calculators/garden/turf-calculator,https://images.unsplash.com/photo-1600585154340-be6161a56a0c?auto=format&fit=crop&w=1000&q=80,Backyard & Garden Landscaping,Garden,Ready
198,Step-by-Step Sod Grass & Turf Roll Estimator with Real-World Waste Buffers,"Before buying building materials, make sure you have the exact formula. Accurately calculate surface square footage, packaging units, and budget estimates in 1 click. Tap the pin to get started! 📌 #DIYInspiration #HouseMakeover #GardenIdeas #BuildingMaterials #BudgetRenovation #CraftCalc",https://tool-1-pied.vercel.app/calculators/garden/turf-calculator,https://images.unsplash.com/photo-1592417817098-8f3d69109853?auto=format&fit=crop&w=1000&q=80,Backyard & Garden Landscaping,Garden,Ready
199,How Many Boxes/Bags of Turf Installation Waste Do You Need? [Formula Inside],The exact mathematical cheat sheet for homeowners and DIYers. Avoid running out of materials or overspending on excess stock. Instant 2-way metric & imperial calculations! 📐 #ConstructionMath #HomeRepair #DIYHacks #HomeImprovementTips #CraftCalcTools #GardenGoals,https://tool-1-pied.vercel.app/calculators/garden/turf-calculator,https://images.unsplash.com/photo-1590381105924-c72589b9ef3f?auto=format&fit=crop&w=1000&q=80,Backyard & Garden Landscaping,Garden,Ready
200,The Ultimate DIY Cheat Sheet for Bermuda Grass Rolls ✨,"Renovating on a budget? This smart trade calculator estimates exact quantities, bags, and cartons needed for your project with zero guesswork. Click to use the tool free! 💡 #RenovationBudget #SmartDIY #HomeImprovementIdeas #GardenInspo #CraftCalc #ContractorApproved",https://tool-1-pied.vercel.app/calculators/garden/turf-calculator,https://images.unsplash.com/photo-1558904541-efa8c4a08931?auto=format&fit=crop&w=1000&q=80,Backyard & Garden Landscaping,Garden,Ready
201,Don't Start Your L-Shaped Room Area Before Using This Formula! 📐,"Planning a DIY renovation? Calculate exact material quantities, box packaging, and cutting waste in seconds with CraftCalc. Tap the link to run the numbers 100% free! 🛠️ #DIY #HomeRenovation #DIYProjects #HomeImprovement #RoomsTips #CraftCalc #RemodelHacks",https://tool-1-pied.vercel.app/calculators/rooms/room-area-calculator,https://images.unsplash.com/photo-1618221195710-dd6b41faaea6?auto=format&fit=crop&w=1000&q=80,Room Remodeling & Space Planning,Rooms,Ready
202,How Much Irregular Room Square Feet Do You REALLY Need? [Free Estimator],"Never get stuck with material shortages mid-project! This contractor-verified calculator factors in perimeter cuts, diagonal waste, and whole carton rounding. Save this pin and tap to calculate free! 🏡 #HomeDecor #RenovationLife #ContractorHacks #DIYHome #HouseRemodel #RoomsDIY",https://tool-1-pied.vercel.app/calculators/rooms/room-area-calculator,https://images.unsplash.com/photo-1600585154340-be6161a56a0c?auto=format&fit=crop&w=1000&q=80,Room Remodeling & Space Planning,Rooms,Ready
203,The 1-Minute Room Floor Area & Perimeter Estimator Cheat Sheet Every DIYer Needs,"Before buying building materials, make sure you have the exact formula. Accurately calculate surface square footage, packaging units, and budget estimates in 1 click. Tap the pin to get started! 📌 #DIYInspiration #HouseMakeover #RoomsIdeas #BuildingMaterials #BudgetRenovation #CraftCalc",https://tool-1-pied.vercel.app/calculators/rooms/room-area-calculator,https://images.unsplash.com/photo-1513694203232-719a280e022f?auto=format&fit=crop&w=1000&q=80,Room Remodeling & Space Planning,Rooms,Ready
204,Avoid Costly Material Shortages: Room Floor Area & Perimeter Estimator Matrix,The exact mathematical cheat sheet for homeowners and DIYers. Avoid running out of materials or overspending on excess stock. Instant 2-way metric & imperial calculations! 📐 #ConstructionMath #HomeRepair #DIYHacks #HomeImprovementTips #CraftCalcTools #RoomsGoals,https://tool-1-pied.vercel.app/calculators/rooms/room-area-calculator,https://images.unsplash.com/photo-1595428774223-ef52624120d2?auto=format&fit=crop&w=1000&q=80,Room Remodeling & Space Planning,Rooms,Ready
205,How to Calculate Room Square Meters Without Waste or Guesswork,"Renovating on a budget? This smart trade calculator estimates exact quantities, bags, and cartons needed for your project with zero guesswork. Click to use the tool free! 💡 #RenovationBudget #SmartDIY #HomeImprovementIdeas #RoomsInspo #CraftCalc #ContractorApproved",https://tool-1-pied.vercel.app/calculators/rooms/room-area-calculator,https://images.unsplash.com/photo-1502005229762-ee1b2b8ab98f?auto=format&fit=crop&w=1000&q=80,Room Remodeling & Space Planning,Rooms,Ready
206,Contractor Secret: The Exact Math for Sq Ft To M2 Conversion 🛠️,"Planning a DIY renovation? Calculate exact material quantities, box packaging, and cutting waste in seconds with CraftCalc. Tap the link to run the numbers 100% free! 🛠️ #DIY #HomeRenovation #DIYProjects #HomeImprovement #RoomsTips #CraftCalc #RemodelHacks",https://tool-1-pied.vercel.app/calculators/rooms/square-metres-calculator,https://images.unsplash.com/photo-1600566753376-12c8ab7fb75b?auto=format&fit=crop&w=1000&q=80,Room Remodeling & Space Planning,Rooms,Ready
207,Stop Overpaying at Home Depot: Use This Length x Width to Square Meters Estimator,"Never get stuck with material shortages mid-project! This contractor-verified calculator factors in perimeter cuts, diagonal waste, and whole carton rounding. Save this pin and tap to calculate free! 🏡 #HomeDecor #RenovationLife #ContractorHacks #DIYHome #HouseRemodel #RoomsDIY",https://tool-1-pied.vercel.app/calculators/rooms/square-metres-calculator,https://images.unsplash.com/photo-1618221195710-dd6b41faaea6?auto=format&fit=crop&w=1000&q=80,Room Remodeling & Space Planning,Rooms,Ready
208,Step-by-Step Length x Width to Square Meters Estimator with Real-World Waste Buffers,"Before buying building materials, make sure you have the exact formula. Accurately calculate surface square footage, packaging units, and budget estimates in 1 click. Tap the pin to get started! 📌 #DIYInspiration #HouseMakeover #RoomsIdeas #BuildingMaterials #BudgetRenovation #CraftCalc",https://tool-1-pied.vercel.app/calculators/rooms/square-metres-calculator,https://images.unsplash.com/photo-1600585154340-be6161a56a0c?auto=format&fit=crop&w=1000&q=80,Room Remodeling & Space Planning,Rooms,Ready
209,How Many Boxes/Bags of Carpet M2 Calculator Do You Need? [Formula Inside],The exact mathematical cheat sheet for homeowners and DIYers. Avoid running out of materials or overspending on excess stock. Instant 2-way metric & imperial calculations! 📐 #ConstructionMath #HomeRepair #DIYHacks #HomeImprovementTips #CraftCalcTools #RoomsGoals,https://tool-1-pied.vercel.app/calculators/rooms/square-metres-calculator,https://images.unsplash.com/photo-1513694203232-719a280e022f?auto=format&fit=crop&w=1000&q=80,Room Remodeling & Space Planning,Rooms,Ready
210,The Ultimate DIY Cheat Sheet for Wall M2 Dimensions ✨,"Renovating on a budget? This smart trade calculator estimates exact quantities, bags, and cartons needed for your project with zero guesswork. Click to use the tool free! 💡 #RenovationBudget #SmartDIY #HomeImprovementIdeas #RoomsInspo #CraftCalc #ContractorApproved",https://tool-1-pied.vercel.app/calculators/rooms/square-metres-calculator,https://images.unsplash.com/photo-1595428774223-ef52624120d2?auto=format&fit=crop&w=1000&q=80,Room Remodeling & Space Planning,Rooms,Ready
211,Don't Start Your Wallpaper Double Rolls Before Using This Formula! 📐,"Planning a DIY renovation? Calculate exact material quantities, box packaging, and cutting waste in seconds with CraftCalc. Tap the link to run the numbers 100% free! 🛠️ #DIY #HomeRenovation #DIYProjects #HomeImprovement #RoomsTips #CraftCalc #RemodelHacks",https://tool-1-pied.vercel.app/calculators/rooms/wallpaper-calculator,https://images.unsplash.com/photo-1502005229762-ee1b2b8ab98f?auto=format&fit=crop&w=1000&q=80,Room Remodeling & Space Planning,Rooms,Ready
212,How Much Pattern Repeat Waste Do You REALLY Need? [Free Estimator],"Never get stuck with material shortages mid-project! This contractor-verified calculator factors in perimeter cuts, diagonal waste, and whole carton rounding. Save this pin and tap to calculate free! 🏡 #HomeDecor #RenovationLife #ContractorHacks #DIYHome #HouseRemodel #RoomsDIY",https://tool-1-pied.vercel.app/calculators/rooms/wallpaper-calculator,https://images.unsplash.com/photo-1600566753376-12c8ab7fb75b?auto=format&fit=crop&w=1000&q=80,Room Remodeling & Space Planning,Rooms,Ready
213,The 1-Minute Wallpaper Double Rolls & Pattern Match Cheat Sheet Every DIYer Needs,"Before buying building materials, make sure you have the exact formula. Accurately calculate surface square footage, packaging units, and budget estimates in 1 click. Tap the pin to get started! 📌 #DIYInspiration #HouseMakeover #RoomsIdeas #BuildingMaterials #BudgetRenovation #CraftCalc",https://tool-1-pied.vercel.app/calculators/rooms/wallpaper-calculator,https://images.unsplash.com/photo-1618221195710-dd6b41faaea6?auto=format&fit=crop&w=1000&q=80,Room Remodeling & Space Planning,Rooms,Ready
214,Avoid Costly Material Shortages: Wallpaper Double Rolls & Pattern Match Matrix,The exact mathematical cheat sheet for homeowners and DIYers. Avoid running out of materials or overspending on excess stock. Instant 2-way metric & imperial calculations! 📐 #ConstructionMath #HomeRepair #DIYHacks #HomeImprovementTips #CraftCalcTools #RoomsGoals,https://tool-1-pied.vercel.app/calculators/rooms/wallpaper-calculator,https://images.unsplash.com/photo-1600585154340-be6161a56a0c?auto=format&fit=crop&w=1000&q=80,Room Remodeling & Space Planning,Rooms,Ready
215,How to Calculate Wallpaper Paste Coverage Without Waste or Guesswork,"Renovating on a budget? This smart trade calculator estimates exact quantities, bags, and cartons needed for your project with zero guesswork. Click to use the tool free! 💡 #RenovationBudget #SmartDIY #HomeImprovementIdeas #RoomsInspo #CraftCalc #ContractorApproved",https://tool-1-pied.vercel.app/calculators/rooms/wallpaper-calculator,https://images.unsplash.com/photo-1513694203232-719a280e022f?auto=format&fit=crop&w=1000&q=80,Room Remodeling & Space Planning,Rooms,Ready
216,Contractor Secret: The Exact Math for 4X8 Drywall Sheet Estimator 🛠️,"Planning a DIY renovation? Calculate exact material quantities, box packaging, and cutting waste in seconds with CraftCalc. Tap the link to run the numbers 100% free! 🛠️ #DIY #HomeRenovation #DIYProjects #HomeImprovement #RoomsTips #CraftCalc #RemodelHacks",https://tool-1-pied.vercel.app/calculators/rooms/wall-area-calculator,https://images.unsplash.com/photo-1595428774223-ef52624120d2?auto=format&fit=crop&w=1000&q=80,Room Remodeling & Space Planning,Rooms,Ready
217,Stop Overpaying at Home Depot: Use This Total Wall Surface & Drywall Sheets,"Never get stuck with material shortages mid-project! This contractor-verified calculator factors in perimeter cuts, diagonal waste, and whole carton rounding. Save this pin and tap to calculate free! 🏡 #HomeDecor #RenovationLife #ContractorHacks #DIYHome #HouseRemodel #RoomsDIY",https://tool-1-pied.vercel.app/calculators/rooms/wall-area-calculator,https://images.unsplash.com/photo-1502005229762-ee1b2b8ab98f?auto=format&fit=crop&w=1000&q=80,Room Remodeling & Space Planning,Rooms,Ready
218,Step-by-Step Total Wall Surface & Drywall Sheets with Real-World Waste Buffers,"Before buying building materials, make sure you have the exact formula. Accurately calculate surface square footage, packaging units, and budget estimates in 1 click. Tap the pin to get started! 📌 #DIYInspiration #HouseMakeover #RoomsIdeas #BuildingMaterials #BudgetRenovation #CraftCalc",https://tool-1-pied.vercel.app/calculators/rooms/wall-area-calculator,https://images.unsplash.com/photo-1600566753376-12c8ab7fb75b?auto=format&fit=crop&w=1000&q=80,Room Remodeling & Space Planning,Rooms,Ready
219,How Many Boxes/Bags of Room Wall Square Feet Do You Need? [Formula Inside],The exact mathematical cheat sheet for homeowners and DIYers. Avoid running out of materials or overspending on excess stock. Instant 2-way metric & imperial calculations! 📐 #ConstructionMath #HomeRepair #DIYHacks #HomeImprovementTips #CraftCalcTools #RoomsGoals,https://tool-1-pied.vercel.app/calculators/rooms/wall-area-calculator,https://images.unsplash.com/photo-1618221195710-dd6b41faaea6?auto=format&fit=crop&w=1000&q=80,Room Remodeling & Space Planning,Rooms,Ready
220,The Ultimate DIY Cheat Sheet for Drywall Screw Count ✨,"Renovating on a budget? This smart trade calculator estimates exact quantities, bags, and cartons needed for your project with zero guesswork. Click to use the tool free! 💡 #RenovationBudget #SmartDIY #HomeImprovementIdeas #RoomsInspo #CraftCalc #ContractorApproved",https://tool-1-pied.vercel.app/calculators/rooms/wall-area-calculator,https://images.unsplash.com/photo-1600585154340-be6161a56a0c?auto=format&fit=crop&w=1000&q=80,Room Remodeling & Space Planning,Rooms,Ready
221,Don't Start Your Linear Feet Of Baseboard Before Using This Formula! 📐,"Planning a DIY renovation? Calculate exact material quantities, box packaging, and cutting waste in seconds with CraftCalc. Tap the link to run the numbers 100% free! 🛠️ #DIY #HomeRenovation #DIYProjects #HomeImprovement #RoomsTips #CraftCalc #RemodelHacks",https://tool-1-pied.vercel.app/calculators/rooms/skirting-board-calculator,https://images.unsplash.com/photo-1513694203232-719a280e022f?auto=format&fit=crop&w=1000&q=80,Room Remodeling & Space Planning,Rooms,Ready
222,How Much Skirting Board Miter Waste Do You REALLY Need? [Free Estimator],"Never get stuck with material shortages mid-project! This contractor-verified calculator factors in perimeter cuts, diagonal waste, and whole carton rounding. Save this pin and tap to calculate free! 🏡 #HomeDecor #RenovationLife #ContractorHacks #DIYHome #HouseRemodel #RoomsDIY",https://tool-1-pied.vercel.app/calculators/rooms/skirting-board-calculator,https://images.unsplash.com/photo-1595428774223-ef52624120d2?auto=format&fit=crop&w=1000&q=80,Room Remodeling & Space Planning,Rooms,Ready
223,The 1-Minute Baseboard & Skirting Board Estimator Cheat Sheet Every DIYer Needs,"Before buying building materials, make sure you have the exact formula. Accurately calculate surface square footage, packaging units, and budget estimates in 1 click. Tap the pin to get started! 📌 #DIYInspiration #HouseMakeover #RoomsIdeas #BuildingMaterials #BudgetRenovation #CraftCalc",https://tool-1-pied.vercel.app/calculators/rooms/skirting-board-calculator,https://images.unsplash.com/photo-1502005229762-ee1b2b8ab98f?auto=format&fit=crop&w=1000&q=80,Room Remodeling & Space Planning,Rooms,Ready
224,Avoid Costly Material Shortages: Baseboard & Skirting Board Estimator Matrix,The exact mathematical cheat sheet for homeowners and DIYers. Avoid running out of materials or overspending on excess stock. Instant 2-way metric & imperial calculations! 📐 #ConstructionMath #HomeRepair #DIYHacks #HomeImprovementTips #CraftCalcTools #RoomsGoals,https://tool-1-pied.vercel.app/calculators/rooms/skirting-board-calculator,https://images.unsplash.com/photo-1600566753376-12c8ab7fb75b?auto=format&fit=crop&w=1000&q=80,Room Remodeling & Space Planning,Rooms,Ready
225,How to Calculate Quarter Round Trim Without Waste or Guesswork,"Renovating on a budget? This smart trade calculator estimates exact quantities, bags, and cartons needed for your project with zero guesswork. Click to use the tool free! 💡 #RenovationBudget #SmartDIY #HomeImprovementIdeas #RoomsInspo #CraftCalc #ContractorApproved",https://tool-1-pied.vercel.app/calculators/rooms/skirting-board-calculator,https://images.unsplash.com/photo-1618221195710-dd6b41faaea6?auto=format&fit=crop&w=1000&q=80,Room Remodeling & Space Planning,Rooms,Ready
226,Contractor Secret: The Exact Math for L-Shaped Room Area 🛠️,"Planning a DIY renovation? Calculate exact material quantities, box packaging, and cutting waste in seconds with CraftCalc. Tap the link to run the numbers 100% free! 🛠️ #DIY #HomeRenovation #DIYProjects #HomeImprovement #RoomsTips #CraftCalc #RemodelHacks",https://tool-1-pied.vercel.app/calculators/rooms/room-area-calculator,https://images.unsplash.com/photo-1600585154340-be6161a56a0c?auto=format&fit=crop&w=1000&q=80,Room Remodeling & Space Planning,Rooms,Ready
227,Stop Overpaying at Home Depot: Use This Room Floor Area & Perimeter Estimator,"Never get stuck with material shortages mid-project! This contractor-verified calculator factors in perimeter cuts, diagonal waste, and whole carton rounding. Save this pin and tap to calculate free! 🏡 #HomeDecor #RenovationLife #ContractorHacks #DIYHome #HouseRemodel #RoomsDIY",https://tool-1-pied.vercel.app/calculators/rooms/room-area-calculator,https://images.unsplash.com/photo-1513694203232-719a280e022f?auto=format&fit=crop&w=1000&q=80,Room Remodeling & Space Planning,Rooms,Ready
228,Step-by-Step Room Floor Area & Perimeter Estimator with Real-World Waste Buffers,"Before buying building materials, make sure you have the exact formula. Accurately calculate surface square footage, packaging units, and budget estimates in 1 click. Tap the pin to get started! 📌 #DIYInspiration #HouseMakeover #RoomsIdeas #BuildingMaterials #BudgetRenovation #CraftCalc",https://tool-1-pied.vercel.app/calculators/rooms/room-area-calculator,https://images.unsplash.com/photo-1595428774223-ef52624120d2?auto=format&fit=crop&w=1000&q=80,Room Remodeling & Space Planning,Rooms,Ready
229,How Many Boxes/Bags of Living Room Floor Plan Do You Need? [Formula Inside],The exact mathematical cheat sheet for homeowners and DIYers. Avoid running out of materials or overspending on excess stock. Instant 2-way metric & imperial calculations! 📐 #ConstructionMath #HomeRepair #DIYHacks #HomeImprovementTips #CraftCalcTools #RoomsGoals,https://tool-1-pied.vercel.app/calculators/rooms/room-area-calculator,https://images.unsplash.com/photo-1502005229762-ee1b2b8ab98f?auto=format&fit=crop&w=1000&q=80,Room Remodeling & Space Planning,Rooms,Ready
230,The Ultimate DIY Cheat Sheet for Room Square Meters ✨,"Renovating on a budget? This smart trade calculator estimates exact quantities, bags, and cartons needed for your project with zero guesswork. Click to use the tool free! 💡 #RenovationBudget #SmartDIY #HomeImprovementIdeas #RoomsInspo #CraftCalc #ContractorApproved",https://tool-1-pied.vercel.app/calculators/rooms/room-area-calculator,https://images.unsplash.com/photo-1600566753376-12c8ab7fb75b?auto=format&fit=crop&w=1000&q=80,Room Remodeling & Space Planning,Rooms,Ready
231,Don't Start Your Sq Ft To M2 Conversion Before Using This Formula! 📐,"Planning a DIY renovation? Calculate exact material quantities, box packaging, and cutting waste in seconds with CraftCalc. Tap the link to run the numbers 100% free! 🛠️ #DIY #HomeRenovation #DIYProjects #HomeImprovement #RoomsTips #CraftCalc #RemodelHacks",https://tool-1-pied.vercel.app/calculators/rooms/square-metres-calculator,https://images.unsplash.com/photo-1618221195710-dd6b41faaea6?auto=format&fit=crop&w=1000&q=80,Room Remodeling & Space Planning,Rooms,Ready
232,How Much Room Size In Meters Do You REALLY Need? [Free Estimator],"Never get stuck with material shortages mid-project! This contractor-verified calculator factors in perimeter cuts, diagonal waste, and whole carton rounding. Save this pin and tap to calculate free! 🏡 #HomeDecor #RenovationLife #ContractorHacks #DIYHome #HouseRemodel #RoomsDIY",https://tool-1-pied.vercel.app/calculators/rooms/square-metres-calculator,https://images.unsplash.com/photo-1600585154340-be6161a56a0c?auto=format&fit=crop&w=1000&q=80,Room Remodeling & Space Planning,Rooms,Ready
233,The 1-Minute Length x Width to Square Meters Estimator Cheat Sheet Every DIYer Needs,"Before buying building materials, make sure you have the exact formula. Accurately calculate surface square footage, packaging units, and budget estimates in 1 click. Tap the pin to get started! 📌 #DIYInspiration #HouseMakeover #RoomsIdeas #BuildingMaterials #BudgetRenovation #CraftCalc",https://tool-1-pied.vercel.app/calculators/rooms/square-metres-calculator,https://images.unsplash.com/photo-1513694203232-719a280e022f?auto=format&fit=crop&w=1000&q=80,Room Remodeling & Space Planning,Rooms,Ready
234,Avoid Costly Material Shortages: Length x Width to Square Meters Estimator Matrix,The exact mathematical cheat sheet for homeowners and DIYers. Avoid running out of materials or overspending on excess stock. Instant 2-way metric & imperial calculations! 📐 #ConstructionMath #HomeRepair #DIYHacks #HomeImprovementTips #CraftCalcTools #RoomsGoals,https://tool-1-pied.vercel.app/calculators/rooms/square-metres-calculator,https://images.unsplash.com/photo-1595428774223-ef52624120d2?auto=format&fit=crop&w=1000&q=80,Room Remodeling & Space Planning,Rooms,Ready
235,How to Calculate Wall M2 Dimensions Without Waste or Guesswork,"Renovating on a budget? This smart trade calculator estimates exact quantities, bags, and cartons needed for your project with zero guesswork. Click to use the tool free! 💡 #RenovationBudget #SmartDIY #HomeImprovementIdeas #RoomsInspo #CraftCalc #ContractorApproved",https://tool-1-pied.vercel.app/calculators/rooms/square-metres-calculator,https://images.unsplash.com/photo-1502005229762-ee1b2b8ab98f?auto=format&fit=crop&w=1000&q=80,Room Remodeling & Space Planning,Rooms,Ready
236,Contractor Secret: The Exact Math for Wallpaper Double Rolls 🛠️,"Planning a DIY renovation? Calculate exact material quantities, box packaging, and cutting waste in seconds with CraftCalc. Tap the link to run the numbers 100% free! 🛠️ #DIY #HomeRenovation #DIYProjects #HomeImprovement #RoomsTips #CraftCalc #RemodelHacks",https://tool-1-pied.vercel.app/calculators/rooms/wallpaper-calculator,https://images.unsplash.com/photo-1600566753376-12c8ab7fb75b?auto=format&fit=crop&w=1000&q=80,Room Remodeling & Space Planning,Rooms,Ready
237,Stop Overpaying at Home Depot: Use This Wallpaper Double Rolls & Pattern Match,"Never get stuck with material shortages mid-project! This contractor-verified calculator factors in perimeter cuts, diagonal waste, and whole carton rounding. Save this pin and tap to calculate free! 🏡 #HomeDecor #RenovationLife #ContractorHacks #DIYHome #HouseRemodel #RoomsDIY",https://tool-1-pied.vercel.app/calculators/rooms/wallpaper-calculator,https://images.unsplash.com/photo-1618221195710-dd6b41faaea6?auto=format&fit=crop&w=1000&q=80,Room Remodeling & Space Planning,Rooms,Ready
238,Step-by-Step Wallpaper Double Rolls & Pattern Match with Real-World Waste Buffers,"Before buying building materials, make sure you have the exact formula. Accurately calculate surface square footage, packaging units, and budget estimates in 1 click. Tap the pin to get started! 📌 #DIYInspiration #HouseMakeover #RoomsIdeas #BuildingMaterials #BudgetRenovation #CraftCalc",https://tool-1-pied.vercel.app/calculators/rooms/wallpaper-calculator,https://images.unsplash.com/photo-1600585154340-be6161a56a0c?auto=format&fit=crop&w=1000&q=80,Room Remodeling & Space Planning,Rooms,Ready
239,How Many Boxes/Bags of Peel And Stick Wallpaper Do You Need? [Formula Inside],The exact mathematical cheat sheet for homeowners and DIYers. Avoid running out of materials or overspending on excess stock. Instant 2-way metric & imperial calculations! 📐 #ConstructionMath #HomeRepair #DIYHacks #HomeImprovementTips #CraftCalcTools #RoomsGoals,https://tool-1-pied.vercel.app/calculators/rooms/wallpaper-calculator,https://images.unsplash.com/photo-1513694203232-719a280e022f?auto=format&fit=crop&w=1000&q=80,Room Remodeling & Space Planning,Rooms,Ready
240,The Ultimate DIY Cheat Sheet for Wallpaper Paste Coverage ✨,"Renovating on a budget? This smart trade calculator estimates exact quantities, bags, and cartons needed for your project with zero guesswork. Click to use the tool free! 💡 #RenovationBudget #SmartDIY #HomeImprovementIdeas #RoomsInspo #CraftCalc #ContractorApproved",https://tool-1-pied.vercel.app/calculators/rooms/wallpaper-calculator,https://images.unsplash.com/photo-1595428774223-ef52624120d2?auto=format&fit=crop&w=1000&q=80,Room Remodeling & Space Planning,Rooms,Ready
241,Don't Start Your 4X8 Drywall Sheet Estimator Before Using This Formula! 📐,"Planning a DIY renovation? Calculate exact material quantities, box packaging, and cutting waste in seconds with CraftCalc. Tap the link to run the numbers 100% free! 🛠️ #DIY #HomeRenovation #DIYProjects #HomeImprovement #RoomsTips #CraftCalc #RemodelHacks",https://tool-1-pied.vercel.app/calculators/rooms/wall-area-calculator,https://images.unsplash.com/photo-1502005229762-ee1b2b8ab98f?auto=format&fit=crop&w=1000&q=80,Room Remodeling & Space Planning,Rooms,Ready
242,How Much Wall Surface With Windows Do You REALLY Need? [Free Estimator],"Never get stuck with material shortages mid-project! This contractor-verified calculator factors in perimeter cuts, diagonal waste, and whole carton rounding. Save this pin and tap to calculate free! 🏡 #HomeDecor #RenovationLife #ContractorHacks #DIYHome #HouseRemodel #RoomsDIY",https://tool-1-pied.vercel.app/calculators/rooms/wall-area-calculator,https://images.unsplash.com/photo-1600566753376-12c8ab7fb75b?auto=format&fit=crop&w=1000&q=80,Room Remodeling & Space Planning,Rooms,Ready
243,The 1-Minute Total Wall Surface & Drywall Sheets Cheat Sheet Every DIYer Needs,"Before buying building materials, make sure you have the exact formula. Accurately calculate surface square footage, packaging units, and budget estimates in 1 click. Tap the pin to get started! 📌 #DIYInspiration #HouseMakeover #RoomsIdeas #BuildingMaterials #BudgetRenovation #CraftCalc",https://tool-1-pied.vercel.app/calculators/rooms/wall-area-calculator,https://images.unsplash.com/photo-1618221195710-dd6b41faaea6?auto=format&fit=crop&w=1000&q=80,Room Remodeling & Space Planning,Rooms,Ready
244,Avoid Costly Material Shortages: Total Wall Surface & Drywall Sheets Matrix,The exact mathematical cheat sheet for homeowners and DIYers. Avoid running out of materials or overspending on excess stock. Instant 2-way metric & imperial calculations! 📐 #ConstructionMath #HomeRepair #DIYHacks #HomeImprovementTips #CraftCalcTools #RoomsGoals,https://tool-1-pied.vercel.app/calculators/rooms/wall-area-calculator,https://images.unsplash.com/photo-1600585154340-be6161a56a0c?auto=format&fit=crop&w=1000&q=80,Room Remodeling & Space Planning,Rooms,Ready
245,How to Calculate Drywall Screw Count Without Waste or Guesswork,"Renovating on a budget? This smart trade calculator estimates exact quantities, bags, and cartons needed for your project with zero guesswork. Click to use the tool free! 💡 #RenovationBudget #SmartDIY #HomeImprovementIdeas #RoomsInspo #CraftCalc #ContractorApproved",https://tool-1-pied.vercel.app/calculators/rooms/wall-area-calculator,https://images.unsplash.com/photo-1513694203232-719a280e022f?auto=format&fit=crop&w=1000&q=80,Room Remodeling & Space Planning,Rooms,Ready
246,Contractor Secret: The Exact Math for Linear Feet Of Baseboard 🛠️,"Planning a DIY renovation? Calculate exact material quantities, box packaging, and cutting waste in seconds with CraftCalc. Tap the link to run the numbers 100% free! 🛠️ #DIY #HomeRenovation #DIYProjects #HomeImprovement #RoomsTips #CraftCalc #RemodelHacks",https://tool-1-pied.vercel.app/calculators/rooms/skirting-board-calculator,https://images.unsplash.com/photo-1595428774223-ef52624120d2?auto=format&fit=crop&w=1000&q=80,Room Remodeling & Space Planning,Rooms,Ready
247,Stop Overpaying at Home Depot: Use This Baseboard & Skirting Board Estimator,"Never get stuck with material shortages mid-project! This contractor-verified calculator factors in perimeter cuts, diagonal waste, and whole carton rounding. Save this pin and tap to calculate free! 🏡 #HomeDecor #RenovationLife #ContractorHacks #DIYHome #HouseRemodel #RoomsDIY",https://tool-1-pied.vercel.app/calculators/rooms/skirting-board-calculator,https://images.unsplash.com/photo-1502005229762-ee1b2b8ab98f?auto=format&fit=crop&w=1000&q=80,Room Remodeling & Space Planning,Rooms,Ready
248,Step-by-Step Baseboard & Skirting Board Estimator with Real-World Waste Buffers,"Before buying building materials, make sure you have the exact formula. Accurately calculate surface square footage, packaging units, and budget estimates in 1 click. Tap the pin to get started! 📌 #DIYInspiration #HouseMakeover #RoomsIdeas #BuildingMaterials #BudgetRenovation #CraftCalc",https://tool-1-pied.vercel.app/calculators/rooms/skirting-board-calculator,https://images.unsplash.com/photo-1600566753376-12c8ab7fb75b?auto=format&fit=crop&w=1000&q=80,Room Remodeling & Space Planning,Rooms,Ready
249,How Many Boxes/Bags of Crown Molding Linear Feet Do You Need? [Formula Inside],The exact mathematical cheat sheet for homeowners and DIYers. Avoid running out of materials or overspending on excess stock. Instant 2-way metric & imperial calculations! 📐 #ConstructionMath #HomeRepair #DIYHacks #HomeImprovementTips #CraftCalcTools #RoomsGoals,https://tool-1-pied.vercel.app/calculators/rooms/skirting-board-calculator,https://images.unsplash.com/photo-1618221195710-dd6b41faaea6?auto=format&fit=crop&w=1000&q=80,Room Remodeling & Space Planning,Rooms,Ready
250,The Ultimate DIY Cheat Sheet for Quarter Round Trim ✨,"Renovating on a budget? This smart trade calculator estimates exact quantities, bags, and cartons needed for your project with zero guesswork. Click to use the tool free! 💡 #RenovationBudget #SmartDIY #HomeImprovementIdeas #RoomsInspo #CraftCalc #ContractorApproved",https://tool-1-pied.vercel.app/calculators/rooms/skirting-board-calculator,https://images.unsplash.com/photo-1600585154340-be6161a56a0c?auto=format&fit=crop&w=1000&q=80,Room Remodeling & Space Planning,Rooms,Ready
251,Don't Start Your Feet To Meters Construction Before Using This Formula! 📐,"Planning a DIY renovation? Calculate exact material quantities, box packaging, and cutting waste in seconds with CraftCalc. Tap the link to run the numbers 100% free! 🛠️ #DIY #HomeRenovation #DIYProjects #HomeImprovement #ConversionsTips #CraftCalc #RemodelHacks",https://tool-1-pied.vercel.app/calculators/conversions/feet-to-metres,https://images.unsplash.com/photo-1503387762-592deb58ef4e?auto=format&fit=crop&w=1000&q=80,Construction Math & Trade Converters,Conversions,Ready
252,How Much Inches To Cm Math Do You REALLY Need? [Free Estimator],"Never get stuck with material shortages mid-project! This contractor-verified calculator factors in perimeter cuts, diagonal waste, and whole carton rounding. Save this pin and tap to calculate free! 🏡 #HomeDecor #RenovationLife #ContractorHacks #DIYHome #HouseRemodel #ConversionsDIY",https://tool-1-pied.vercel.app/calculators/conversions/feet-to-metres,https://images.unsplash.com/photo-1581094794329-c8112a89af12?auto=format&fit=crop&w=1000&q=80,Construction Math & Trade Converters,Conversions,Ready
253,The 1-Minute Feet to Meters Trade Converter Cheat Sheet Every DIYer Needs,"Before buying building materials, make sure you have the exact formula. Accurately calculate surface square footage, packaging units, and budget estimates in 1 click. Tap the pin to get started! 📌 #DIYInspiration #HouseMakeover #ConversionsIdeas #BuildingMaterials #BudgetRenovation #CraftCalc",https://tool-1-pied.vercel.app/calculators/conversions/feet-to-metres,https://images.unsplash.com/photo-1504307651254-35680f356dfd?auto=format&fit=crop&w=1000&q=80,Construction Math & Trade Converters,Conversions,Ready
254,Avoid Costly Material Shortages: Feet to Meters Trade Converter Matrix,The exact mathematical cheat sheet for homeowners and DIYers. Avoid running out of materials or overspending on excess stock. Instant 2-way metric & imperial calculations! 📐 #ConstructionMath #HomeRepair #DIYHacks #HomeImprovementTips #CraftCalcTools #ConversionsGoals,https://tool-1-pied.vercel.app/calculators/conversions/feet-to-metres,https://images.unsplash.com/photo-1513694203232-719a280e022f?auto=format&fit=crop&w=1000&q=80,Construction Math & Trade Converters,Conversions,Ready
255,How to Calculate Trade Length Conversion Without Waste or Guesswork,"Renovating on a budget? This smart trade calculator estimates exact quantities, bags, and cartons needed for your project with zero guesswork. Click to use the tool free! 💡 #RenovationBudget #SmartDIY #HomeImprovementIdeas #ConversionsInspo #CraftCalc #ContractorApproved",https://tool-1-pied.vercel.app/calculators/conversions/feet-to-metres,https://images.unsplash.com/photo-1589939705384-5185137a7f0f?auto=format&fit=crop&w=1000&q=80,Construction Math & Trade Converters,Conversions,Ready
256,Contractor Secret: The Exact Math for Fractional Inches To Mm 🛠️,"Planning a DIY renovation? Calculate exact material quantities, box packaging, and cutting waste in seconds with CraftCalc. Tap the link to run the numbers 100% free! 🛠️ #DIY #HomeRenovation #DIYProjects #HomeImprovement #ConversionsTips #CraftCalc #RemodelHacks",https://tool-1-pied.vercel.app/calculators/conversions/inches-to-mm,https://images.unsplash.com/photo-1503387762-592deb58ef4e?auto=format&fit=crop&w=1000&q=80,Construction Math & Trade Converters,Conversions,Ready
257,Stop Overpaying at Home Depot: Use This Inches to Millimeters Precision Converter,"Never get stuck with material shortages mid-project! This contractor-verified calculator factors in perimeter cuts, diagonal waste, and whole carton rounding. Save this pin and tap to calculate free! 🏡 #HomeDecor #RenovationLife #ContractorHacks #DIYHome #HouseRemodel #ConversionsDIY",https://tool-1-pied.vercel.app/calculators/conversions/inches-to-mm,https://images.unsplash.com/photo-1581094794329-c8112a89af12?auto=format&fit=crop&w=1000&q=80,Construction Math & Trade Converters,Conversions,Ready
258,Step-by-Step Inches to Millimeters Precision Converter with Real-World Waste Buffers,"Before buying building materials, make sure you have the exact formula. Accurately calculate surface square footage, packaging units, and budget estimates in 1 click. Tap the pin to get started! 📌 #DIYInspiration #HouseMakeover #ConversionsIdeas #BuildingMaterials #BudgetRenovation #CraftCalc",https://tool-1-pied.vercel.app/calculators/conversions/inches-to-mm,https://images.unsplash.com/photo-1504307651254-35680f356dfd?auto=format&fit=crop&w=1000&q=80,Construction Math & Trade Converters,Conversions,Ready
259,How Many Boxes/Bags of Drywall Thickness Inches To Mm Do You Need? [Formula Inside],The exact mathematical cheat sheet for homeowners and DIYers. Avoid running out of materials or overspending on excess stock. Instant 2-way metric & imperial calculations! 📐 #ConstructionMath #HomeRepair #DIYHacks #HomeImprovementTips #CraftCalcTools #ConversionsGoals,https://tool-1-pied.vercel.app/calculators/conversions/inches-to-mm,https://images.unsplash.com/photo-1513694203232-719a280e022f?auto=format&fit=crop&w=1000&q=80,Construction Math & Trade Converters,Conversions,Ready
260,The Ultimate DIY Cheat Sheet for Cabinet Hardware Spacing ✨,"Renovating on a budget? This smart trade calculator estimates exact quantities, bags, and cartons needed for your project with zero guesswork. Click to use the tool free! 💡 #RenovationBudget #SmartDIY #HomeImprovementIdeas #ConversionsInspo #CraftCalc #ContractorApproved",https://tool-1-pied.vercel.app/calculators/conversions/inches-to-mm,https://images.unsplash.com/photo-1589939705384-5185137a7f0f?auto=format&fit=crop&w=1000&q=80,Construction Math & Trade Converters,Conversions,Ready
261,Don't Start Your Sq Ft To M2 Tile Formula Before Using This Formula! 📐,"Planning a DIY renovation? Calculate exact material quantities, box packaging, and cutting waste in seconds with CraftCalc. Tap the link to run the numbers 100% free! 🛠️ #DIY #HomeRenovation #DIYProjects #HomeImprovement #ConversionsTips #CraftCalc #RemodelHacks",https://tool-1-pied.vercel.app/calculators/conversions/square-feet-to-m2,https://images.unsplash.com/photo-1503387762-592deb58ef4e?auto=format&fit=crop&w=1000&q=80,Construction Math & Trade Converters,Conversions,Ready
262,How Much Real Estate Square Meters Do You REALLY Need? [Free Estimator],"Never get stuck with material shortages mid-project! This contractor-verified calculator factors in perimeter cuts, diagonal waste, and whole carton rounding. Save this pin and tap to calculate free! 🏡 #HomeDecor #RenovationLife #ContractorHacks #DIYHome #HouseRemodel #ConversionsDIY",https://tool-1-pied.vercel.app/calculators/conversions/square-feet-to-m2,https://images.unsplash.com/photo-1581094794329-c8112a89af12?auto=format&fit=crop&w=1000&q=80,Construction Math & Trade Converters,Conversions,Ready
263,The 1-Minute Square Feet to Square Meters (Sq Ft to m2) Cheat Sheet Every DIYer Needs,"Before buying building materials, make sure you have the exact formula. Accurately calculate surface square footage, packaging units, and budget estimates in 1 click. Tap the pin to get started! 📌 #DIYInspiration #HouseMakeover #ConversionsIdeas #BuildingMaterials #BudgetRenovation #CraftCalc",https://tool-1-pied.vercel.app/calculators/conversions/square-feet-to-m2,https://images.unsplash.com/photo-1504307651254-35680f356dfd?auto=format&fit=crop&w=1000&q=80,Construction Math & Trade Converters,Conversions,Ready
264,Avoid Costly Material Shortages: Square Feet to Square Meters (Sq Ft to m2) Matrix,The exact mathematical cheat sheet for homeowners and DIYers. Avoid running out of materials or overspending on excess stock. Instant 2-way metric & imperial calculations! 📐 #ConstructionMath #HomeRepair #DIYHacks #HomeImprovementTips #CraftCalcTools #ConversionsGoals,https://tool-1-pied.vercel.app/calculators/conversions/square-feet-to-m2,https://images.unsplash.com/photo-1513694203232-719a280e022f?auto=format&fit=crop&w=1000&q=80,Construction Math & Trade Converters,Conversions,Ready
265,How to Calculate Construction Area Chart Without Waste or Guesswork,"Renovating on a budget? This smart trade calculator estimates exact quantities, bags, and cartons needed for your project with zero guesswork. Click to use the tool free! 💡 #RenovationBudget #SmartDIY #HomeImprovementIdeas #ConversionsInspo #CraftCalc #ContractorApproved",https://tool-1-pied.vercel.app/calculators/conversions/square-feet-to-m2,https://images.unsplash.com/photo-1589939705384-5185137a7f0f?auto=format&fit=crop&w=1000&q=80,Construction Math & Trade Converters,Conversions,Ready
266,Contractor Secret: The Exact Math for Paint Liters To Gallons 🛠️,"Planning a DIY renovation? Calculate exact material quantities, box packaging, and cutting waste in seconds with CraftCalc. Tap the link to run the numbers 100% free! 🛠️ #DIY #HomeRenovation #DIYProjects #HomeImprovement #ConversionsTips #CraftCalc #RemodelHacks",https://tool-1-pied.vercel.app/calculators/conversions/litres-to-gallons,https://images.unsplash.com/photo-1503387762-592deb58ef4e?auto=format&fit=crop&w=1000&q=80,Construction Math & Trade Converters,Conversions,Ready
267,Stop Overpaying at Home Depot: Use This Liters to US & UK Gallons Converter,"Never get stuck with material shortages mid-project! This contractor-verified calculator factors in perimeter cuts, diagonal waste, and whole carton rounding. Save this pin and tap to calculate free! 🏡 #HomeDecor #RenovationLife #ContractorHacks #DIYHome #HouseRemodel #ConversionsDIY",https://tool-1-pied.vercel.app/calculators/conversions/litres-to-gallons,https://images.unsplash.com/photo-1581094794329-c8112a89af12?auto=format&fit=crop&w=1000&q=80,Construction Math & Trade Converters,Conversions,Ready
268,Step-by-Step Liters to US & UK Gallons Converter with Real-World Waste Buffers,"Before buying building materials, make sure you have the exact formula. Accurately calculate surface square footage, packaging units, and budget estimates in 1 click. Tap the pin to get started! 📌 #DIYInspiration #HouseMakeover #ConversionsIdeas #BuildingMaterials #BudgetRenovation #CraftCalc",https://tool-1-pied.vercel.app/calculators/conversions/litres-to-gallons,https://images.unsplash.com/photo-1504307651254-35680f356dfd?auto=format&fit=crop&w=1000&q=80,Construction Math & Trade Converters,Conversions,Ready
269,How Many Boxes/Bags of Stain Volume Conversion Do You Need? [Formula Inside],The exact mathematical cheat sheet for homeowners and DIYers. Avoid running out of materials or overspending on excess stock. Instant 2-way metric & imperial calculations! 📐 #ConstructionMath #HomeRepair #DIYHacks #HomeImprovementTips #CraftCalcTools #ConversionsGoals,https://tool-1-pied.vercel.app/calculators/conversions/litres-to-gallons,https://images.unsplash.com/photo-1513694203232-719a280e022f?auto=format&fit=crop&w=1000&q=80,Construction Math & Trade Converters,Conversions,Ready
270,The Ultimate DIY Cheat Sheet for Trade Fluid Converter ✨,"Renovating on a budget? This smart trade calculator estimates exact quantities, bags, and cartons needed for your project with zero guesswork. Click to use the tool free! 💡 #RenovationBudget #SmartDIY #HomeImprovementIdeas #ConversionsInspo #CraftCalc #ContractorApproved",https://tool-1-pied.vercel.app/calculators/conversions/litres-to-gallons,https://images.unsplash.com/photo-1589939705384-5185137a7f0f?auto=format&fit=crop&w=1000&q=80,Construction Math & Trade Converters,Conversions,Ready
271,Don't Start Your Mortar Bag Weight Kg To Lbs Before Using This Formula! 📐,"Planning a DIY renovation? Calculate exact material quantities, box packaging, and cutting waste in seconds with CraftCalc. Tap the link to run the numbers 100% free! 🛠️ #DIY #HomeRenovation #DIYProjects #HomeImprovement #ConversionsTips #CraftCalc #RemodelHacks",https://tool-1-pied.vercel.app/calculators/conversions/kg-to-pounds,https://images.unsplash.com/photo-1503387762-592deb58ef4e?auto=format&fit=crop&w=1000&q=80,Construction Math & Trade Converters,Conversions,Ready
272,How Much Concrete Bag Pounds Do You REALLY Need? [Free Estimator],"Never get stuck with material shortages mid-project! This contractor-verified calculator factors in perimeter cuts, diagonal waste, and whole carton rounding. Save this pin and tap to calculate free! 🏡 #HomeDecor #RenovationLife #ContractorHacks #DIYHome #HouseRemodel #ConversionsDIY",https://tool-1-pied.vercel.app/calculators/conversions/kg-to-pounds,https://images.unsplash.com/photo-1581094794329-c8112a89af12?auto=format&fit=crop&w=1000&q=80,Construction Math & Trade Converters,Conversions,Ready
273,The 1-Minute Kilograms to Pounds (kg to lbs) Material Converter Cheat Sheet Every DIYer Needs,"Before buying building materials, make sure you have the exact formula. Accurately calculate surface square footage, packaging units, and budget estimates in 1 click. Tap the pin to get started! 📌 #DIYInspiration #HouseMakeover #ConversionsIdeas #BuildingMaterials #BudgetRenovation #CraftCalc",https://tool-1-pied.vercel.app/calculators/conversions/kg-to-pounds,https://images.unsplash.com/photo-1504307651254-35680f356dfd?auto=format&fit=crop&w=1000&q=80,Construction Math & Trade Converters,Conversions,Ready
274,Avoid Costly Material Shortages: Kilograms to Pounds (kg to lbs) Material Converter Matrix,The exact mathematical cheat sheet for homeowners and DIYers. Avoid running out of materials or overspending on excess stock. Instant 2-way metric & imperial calculations! 📐 #ConstructionMath #HomeRepair #DIYHacks #HomeImprovementTips #CraftCalcTools #ConversionsGoals,https://tool-1-pied.vercel.app/calculators/conversions/kg-to-pounds,https://images.unsplash.com/photo-1513694203232-719a280e022f?auto=format&fit=crop&w=1000&q=80,Construction Math & Trade Converters,Conversions,Ready
275,How to Calculate Tile Box Weight In Kg Without Waste or Guesswork,"Renovating on a budget? This smart trade calculator estimates exact quantities, bags, and cartons needed for your project with zero guesswork. Click to use the tool free! 💡 #RenovationBudget #SmartDIY #HomeImprovementIdeas #ConversionsInspo #CraftCalc #ContractorApproved",https://tool-1-pied.vercel.app/calculators/conversions/kg-to-pounds,https://images.unsplash.com/photo-1589939705384-5185137a7f0f?auto=format&fit=crop&w=1000&q=80,Construction Math & Trade Converters,Conversions,Ready
276,Contractor Secret: The Exact Math for Feet To Meters Construction 🛠️,"Planning a DIY renovation? Calculate exact material quantities, box packaging, and cutting waste in seconds with CraftCalc. Tap the link to run the numbers 100% free! 🛠️ #DIY #HomeRenovation #DIYProjects #HomeImprovement #ConversionsTips #CraftCalc #RemodelHacks",https://tool-1-pied.vercel.app/calculators/conversions/feet-to-metres,https://images.unsplash.com/photo-1503387762-592deb58ef4e?auto=format&fit=crop&w=1000&q=80,Construction Math & Trade Converters,Conversions,Ready
277,Stop Overpaying at Home Depot: Use This Feet to Meters Trade Converter,"Never get stuck with material shortages mid-project! This contractor-verified calculator factors in perimeter cuts, diagonal waste, and whole carton rounding. Save this pin and tap to calculate free! 🏡 #HomeDecor #RenovationLife #ContractorHacks #DIYHome #HouseRemodel #ConversionsDIY",https://tool-1-pied.vercel.app/calculators/conversions/feet-to-metres,https://images.unsplash.com/photo-1581094794329-c8112a89af12?auto=format&fit=crop&w=1000&q=80,Construction Math & Trade Converters,Conversions,Ready
278,Step-by-Step Feet to Meters Trade Converter with Real-World Waste Buffers,"Before buying building materials, make sure you have the exact formula. Accurately calculate surface square footage, packaging units, and budget estimates in 1 click. Tap the pin to get started! 📌 #DIYInspiration #HouseMakeover #ConversionsIdeas #BuildingMaterials #BudgetRenovation #CraftCalc",https://tool-1-pied.vercel.app/calculators/conversions/feet-to-metres,https://images.unsplash.com/photo-1504307651254-35680f356dfd?auto=format&fit=crop&w=1000&q=80,Construction Math & Trade Converters,Conversions,Ready
279,How Many Boxes/Bags of Metric Room Size Do You Need? [Formula Inside],The exact mathematical cheat sheet for homeowners and DIYers. Avoid running out of materials or overspending on excess stock. Instant 2-way metric & imperial calculations! 📐 #ConstructionMath #HomeRepair #DIYHacks #HomeImprovementTips #CraftCalcTools #ConversionsGoals,https://tool-1-pied.vercel.app/calculators/conversions/feet-to-metres,https://images.unsplash.com/photo-1513694203232-719a280e022f?auto=format&fit=crop&w=1000&q=80,Construction Math & Trade Converters,Conversions,Ready
280,The Ultimate DIY Cheat Sheet for Trade Length Conversion ✨,"Renovating on a budget? This smart trade calculator estimates exact quantities, bags, and cartons needed for your project with zero guesswork. Click to use the tool free! 💡 #RenovationBudget #SmartDIY #HomeImprovementIdeas #ConversionsInspo #CraftCalc #ContractorApproved",https://tool-1-pied.vercel.app/calculators/conversions/feet-to-metres,https://images.unsplash.com/photo-1589939705384-5185137a7f0f?auto=format&fit=crop&w=1000&q=80,Construction Math & Trade Converters,Conversions,Ready
281,Don't Start Your Fractional Inches To Mm Before Using This Formula! 📐,"Planning a DIY renovation? Calculate exact material quantities, box packaging, and cutting waste in seconds with CraftCalc. Tap the link to run the numbers 100% free! 🛠️ #DIY #HomeRenovation #DIYProjects #HomeImprovement #ConversionsTips #CraftCalc #RemodelHacks",https://tool-1-pied.vercel.app/calculators/conversions/inches-to-mm,https://images.unsplash.com/photo-1503387762-592deb58ef4e?auto=format&fit=crop&w=1000&q=80,Construction Math & Trade Converters,Conversions,Ready
282,How Much Tile Thickness Mm Do You REALLY Need? [Free Estimator],"Never get stuck with material shortages mid-project! This contractor-verified calculator factors in perimeter cuts, diagonal waste, and whole carton rounding. Save this pin and tap to calculate free! 🏡 #HomeDecor #RenovationLife #ContractorHacks #DIYHome #HouseRemodel #ConversionsDIY",https://tool-1-pied.vercel.app/calculators/conversions/inches-to-mm,https://images.unsplash.com/photo-1581094794329-c8112a89af12?auto=format&fit=crop&w=1000&q=80,Construction Math & Trade Converters,Conversions,Ready
283,The 1-Minute Inches to Millimeters Precision Converter Cheat Sheet Every DIYer Needs,"Before buying building materials, make sure you have the exact formula. Accurately calculate surface square footage, packaging units, and budget estimates in 1 click. Tap the pin to get started! 📌 #DIYInspiration #HouseMakeover #ConversionsIdeas #BuildingMaterials #BudgetRenovation #CraftCalc",https://tool-1-pied.vercel.app/calculators/conversions/inches-to-mm,https://images.unsplash.com/photo-1504307651254-35680f356dfd?auto=format&fit=crop&w=1000&q=80,Construction Math & Trade Converters,Conversions,Ready
284,Avoid Costly Material Shortages: Inches to Millimeters Precision Converter Matrix,The exact mathematical cheat sheet for homeowners and DIYers. Avoid running out of materials or overspending on excess stock. Instant 2-way metric & imperial calculations! 📐 #ConstructionMath #HomeRepair #DIYHacks #HomeImprovementTips #CraftCalcTools #ConversionsGoals,https://tool-1-pied.vercel.app/calculators/conversions/inches-to-mm,https://images.unsplash.com/photo-1513694203232-719a280e022f?auto=format&fit=crop&w=1000&q=80,Construction Math & Trade Converters,Conversions,Ready
285,How to Calculate Cabinet Hardware Spacing Without Waste or Guesswork,"Renovating on a budget? This smart trade calculator estimates exact quantities, bags, and cartons needed for your project with zero guesswork. Click to use the tool free! 💡 #RenovationBudget #SmartDIY #HomeImprovementIdeas #ConversionsInspo #CraftCalc #ContractorApproved",https://tool-1-pied.vercel.app/calculators/conversions/inches-to-mm,https://images.unsplash.com/photo-1589939705384-5185137a7f0f?auto=format&fit=crop&w=1000&q=80,Construction Math & Trade Converters,Conversions,Ready
286,Contractor Secret: The Exact Math for Sq Ft To M2 Tile Formula 🛠️,"Planning a DIY renovation? Calculate exact material quantities, box packaging, and cutting waste in seconds with CraftCalc. Tap the link to run the numbers 100% free! 🛠️ #DIY #HomeRenovation #DIYProjects #HomeImprovement #ConversionsTips #CraftCalc #RemodelHacks",https://tool-1-pied.vercel.app/calculators/conversions/square-feet-to-m2,https://images.unsplash.com/photo-1503387762-592deb58ef4e?auto=format&fit=crop&w=1000&q=80,Construction Math & Trade Converters,Conversions,Ready
287,Stop Overpaying at Home Depot: Use This Square Feet to Square Meters (Sq Ft to m2),"Never get stuck with material shortages mid-project! This contractor-verified calculator factors in perimeter cuts, diagonal waste, and whole carton rounding. Save this pin and tap to calculate free! 🏡 #HomeDecor #RenovationLife #ContractorHacks #DIYHome #HouseRemodel #ConversionsDIY",https://tool-1-pied.vercel.app/calculators/conversions/square-feet-to-m2,https://images.unsplash.com/photo-1581094794329-c8112a89af12?auto=format&fit=crop&w=1000&q=80,Construction Math & Trade Converters,Conversions,Ready
288,Step-by-Step Square Feet to Square Meters (Sq Ft to m2) with Real-World Waste Buffers,"Before buying building materials, make sure you have the exact formula. Accurately calculate surface square footage, packaging units, and budget estimates in 1 click. Tap the pin to get started! 📌 #DIYInspiration #HouseMakeover #ConversionsIdeas #BuildingMaterials #BudgetRenovation #CraftCalc",https://tool-1-pied.vercel.app/calculators/conversions/square-feet-to-m2,https://images.unsplash.com/photo-1504307651254-35680f356dfd?auto=format&fit=crop&w=1000&q=80,Construction Math & Trade Converters,Conversions,Ready
289,How Many Boxes/Bags of Room Area Conversion Do You Need? [Formula Inside],The exact mathematical cheat sheet for homeowners and DIYers. Avoid running out of materials or overspending on excess stock. Instant 2-way metric & imperial calculations! 📐 #ConstructionMath #HomeRepair #DIYHacks #HomeImprovementTips #CraftCalcTools #ConversionsGoals,https://tool-1-pied.vercel.app/calculators/conversions/square-feet-to-m2,https://images.unsplash.com/photo-1513694203232-719a280e022f?auto=format&fit=crop&w=1000&q=80,Construction Math & Trade Converters,Conversions,Ready
290,The Ultimate DIY Cheat Sheet for Construction Area Chart ✨,"Renovating on a budget? This smart trade calculator estimates exact quantities, bags, and cartons needed for your project with zero guesswork. Click to use the tool free! 💡 #RenovationBudget #SmartDIY #HomeImprovementIdeas #ConversionsInspo #CraftCalc #ContractorApproved",https://tool-1-pied.vercel.app/calculators/conversions/square-feet-to-m2,https://images.unsplash.com/photo-1589939705384-5185137a7f0f?auto=format&fit=crop&w=1000&q=80,Construction Math & Trade Converters,Conversions,Ready
291,Don't Start Your Paint Liters To Gallons Before Using This Formula! 📐,"Planning a DIY renovation? Calculate exact material quantities, box packaging, and cutting waste in seconds with CraftCalc. Tap the link to run the numbers 100% free! 🛠️ #DIY #HomeRenovation #DIYProjects #HomeImprovement #ConversionsTips #CraftCalc #RemodelHacks",https://tool-1-pied.vercel.app/calculators/conversions/litres-to-gallons,https://images.unsplash.com/photo-1503387762-592deb58ef4e?auto=format&fit=crop&w=1000&q=80,Construction Math & Trade Converters,Conversions,Ready
292,How Much Pool Water Volume Gallons Do You REALLY Need? [Free Estimator],"Never get stuck with material shortages mid-project! This contractor-verified calculator factors in perimeter cuts, diagonal waste, and whole carton rounding. Save this pin and tap to calculate free! 🏡 #HomeDecor #RenovationLife #ContractorHacks #DIYHome #HouseRemodel #ConversionsDIY",https://tool-1-pied.vercel.app/calculators/conversions/litres-to-gallons,https://images.unsplash.com/photo-1581094794329-c8112a89af12?auto=format&fit=crop&w=1000&q=80,Construction Math & Trade Converters,Conversions,Ready
293,The 1-Minute Liters to US & UK Gallons Converter Cheat Sheet Every DIYer Needs,"Before buying building materials, make sure you have the exact formula. Accurately calculate surface square footage, packaging units, and budget estimates in 1 click. Tap the pin to get started! 📌 #DIYInspiration #HouseMakeover #ConversionsIdeas #BuildingMaterials #BudgetRenovation #CraftCalc",https://tool-1-pied.vercel.app/calculators/conversions/litres-to-gallons,https://images.unsplash.com/photo-1504307651254-35680f356dfd?auto=format&fit=crop&w=1000&q=80,Construction Math & Trade Converters,Conversions,Ready
294,Avoid Costly Material Shortages: Liters to US & UK Gallons Converter Matrix,The exact mathematical cheat sheet for homeowners and DIYers. Avoid running out of materials or overspending on excess stock. Instant 2-way metric & imperial calculations! 📐 #ConstructionMath #HomeRepair #DIYHacks #HomeImprovementTips #CraftCalcTools #ConversionsGoals,https://tool-1-pied.vercel.app/calculators/conversions/litres-to-gallons,https://images.unsplash.com/photo-1513694203232-719a280e022f?auto=format&fit=crop&w=1000&q=80,Construction Math & Trade Converters,Conversions,Ready
295,How to Calculate Trade Fluid Converter Without Waste or Guesswork,"Renovating on a budget? This smart trade calculator estimates exact quantities, bags, and cartons needed for your project with zero guesswork. Click to use the tool free! 💡 #RenovationBudget #SmartDIY #HomeImprovementIdeas #ConversionsInspo #CraftCalc #ContractorApproved",https://tool-1-pied.vercel.app/calculators/conversions/litres-to-gallons,https://images.unsplash.com/photo-1589939705384-5185137a7f0f?auto=format&fit=crop&w=1000&q=80,Construction Math & Trade Converters,Conversions,Ready
296,Contractor Secret: The Exact Math for Mortar Bag Weight Kg To Lbs 🛠️,"Planning a DIY renovation? Calculate exact material quantities, box packaging, and cutting waste in seconds with CraftCalc. Tap the link to run the numbers 100% free! 🛠️ #DIY #HomeRenovation #DIYProjects #HomeImprovement #ConversionsTips #CraftCalc #RemodelHacks",https://tool-1-pied.vercel.app/calculators/conversions/kg-to-pounds,https://images.unsplash.com/photo-1503387762-592deb58ef4e?auto=format&fit=crop&w=1000&q=80,Construction Math & Trade Converters,Conversions,Ready
297,Stop Overpaying at Home Depot: Use This Kilograms to Pounds (kg to lbs) Material Converter,"Never get stuck with material shortages mid-project! This contractor-verified calculator factors in perimeter cuts, diagonal waste, and whole carton rounding. Save this pin and tap to calculate free! 🏡 #HomeDecor #RenovationLife #ContractorHacks #DIYHome #HouseRemodel #ConversionsDIY",https://tool-1-pied.vercel.app/calculators/conversions/kg-to-pounds,https://images.unsplash.com/photo-1581094794329-c8112a89af12?auto=format&fit=crop&w=1000&q=80,Construction Math & Trade Converters,Conversions,Ready
298,Step-by-Step Kilograms to Pounds (kg to lbs) Material Converter with Real-World Waste Buffers,"Before buying building materials, make sure you have the exact formula. Accurately calculate surface square footage, packaging units, and budget estimates in 1 click. Tap the pin to get started! 📌 #DIYInspiration #HouseMakeover #ConversionsIdeas #BuildingMaterials #BudgetRenovation #CraftCalc",https://tool-1-pied.vercel.app/calculators/conversions/kg-to-pounds,https://images.unsplash.com/photo-1504307651254-35680f356dfd?auto=format&fit=crop&w=1000&q=80,Construction Math & Trade Converters,Conversions,Ready
299,How Many Boxes/Bags of Structural Weight Math Do You Need? [Formula Inside],The exact mathematical cheat sheet for homeowners and DIYers. Avoid running out of materials or overspending on excess stock. Instant 2-way metric & imperial calculations! 📐 #ConstructionMath #HomeRepair #DIYHacks #HomeImprovementTips #CraftCalcTools #ConversionsGoals,https://tool-1-pied.vercel.app/calculators/conversions/kg-to-pounds,https://images.unsplash.com/photo-1513694203232-719a280e022f?auto=format&fit=crop&w=1000&q=80,Construction Math & Trade Converters,Conversions,Ready
300,The Ultimate DIY Cheat Sheet for Tile Box Weight In Kg ✨,"Renovating on a budget? This smart trade calculator estimates exact quantities, bags, and cartons needed for your project with zero guesswork. Click to use the tool free! 💡 #RenovationBudget #SmartDIY #HomeImprovementIdeas #ConversionsInspo #CraftCalc #ContractorApproved",https://tool-1-pied.vercel.app/calculators/conversions/kg-to-pounds,https://images.unsplash.com/photo-1589939705384-5185137a7f0f?auto=format&fit=crop&w=1000&q=80,Construction Math & Trade Converters,Conversions,Ready
