ID,Title,Description,Destination_Link,Video_URL,Cover_Image_URL,Board,Category,Status
1,🔥 CONTRACTOR SECRET: How Many Boxes Of Flooring Do You REALLY Need?,"Planning a flooring project? 📦 Exact Order: 9 Full Boxes (Zero Shortage). 12 ft × 15 ft = 180 Sq Ft (8.1 Boxes). Use our free, contractor-verified calculator with real-world material rounding & waste factor formulas. 🛠️ #DIY #Flooring #HomeImprovement #CraftCalc #RemodelHacks #BuildingCalculators",https://tool-1-pied.vercel.app/calculators/flooring/flooring-calculator,https://tool-1-pied.vercel.app/video_pins/video_flooring-calculator.mp4,https://tool-1-pied.vercel.app/pins/day01_flooring_boxes.jpg,DIY Flooring & Tile Ideas,Flooring,Ready
2,🔥 CONTRACTOR SECRET: Stop Buying The Wrong Number of Tiles & Grout!,"Planning a flooring project? 📦 Order: 35 Tiles + 1 Bag Mortar. 60 Sq Ft Backsplash with 12x24 Tiles. Use our free, contractor-verified calculator with real-world material rounding & waste factor formulas. 🛠️ #DIY #Flooring #HomeImprovement #CraftCalc #RemodelHacks #BuildingCalculators",https://tool-1-pied.vercel.app/calculators/flooring/tile-calculator,https://tool-1-pied.vercel.app/video_pins/video_tile-calculator.mp4,https://tool-1-pied.vercel.app/pins/day02_tile_grout_mortar.jpg,Bathroom & Kitchen Tiling,Flooring,Ready
3,"🔥 CONTRACTOR SECRET: Laminate Planks & Foam Roll Formula with 3/8"" Gap","Planning a flooring project? 📦 Exact Order: 15 Packs + 4 Underlayment Rolls. 320 Sq Ft Area (Requires Underlayment). Use our free, contractor-verified calculator with real-world material rounding & waste factor formulas. 🛠️ #DIY #Flooring #HomeImprovement #CraftCalc #RemodelHacks #BuildingCalculators",https://tool-1-pied.vercel.app/calculators/flooring/laminate-calculator,https://tool-1-pied.vercel.app/video_pins/video_laminate-calculator.mp4,https://tool-1-pied.vercel.app/pins/day03_laminate_underlayment.jpg,Laminate & Vinyl,Flooring,Ready
4,🔥 CONTRACTOR SECRET: Exact LVP Cartons Needed With Click-Lock Overlap,"Planning a flooring project? 📦 Exact Order: 14 Whole Cartons. Plank Size: 7"" × 48"" (2.33 Sq Ft/Plank). Use our free, contractor-verified calculator with real-world material rounding & waste factor formulas. 🛠️ #DIY #Flooring #HomeImprovement #CraftCalc #RemodelHacks #BuildingCalculators",https://tool-1-pied.vercel.app/calculators/flooring/vinyl-flooring-calculator,https://tool-1-pied.vercel.app/video_pins/video_vinyl-flooring-calculator.mp4,https://tool-1-pied.vercel.app/pins/day11_vinyl_plank_lvp.jpg,DIY Flooring & Tile Ideas,Flooring,Ready
5,🔥 CONTRACTOR SECRET: Square Feet to Square Yards Carpet Roll Calculator,"Planning a flooring project? 📦 Order: 30 Sq Yds Carpet + 30 Yds Pad. Standard Roll Width: 12 ft Seamless. Use our free, contractor-verified calculator with real-world material rounding & waste factor formulas. 🛠️ #DIY #Flooring #HomeImprovement #CraftCalc #RemodelHacks #BuildingCalculators",https://tool-1-pied.vercel.app/calculators/flooring/carpet-calculator,https://tool-1-pied.vercel.app/video_pins/video_carpet-calculator.mp4,https://tool-1-pied.vercel.app/pins/day17_carpet_square_yards.jpg,DIY Flooring & Tile Ideas,Flooring,Ready
6,🔥 CONTRACTOR SECRET: Straight vs Diagonal Flooring Exact Waste Percentage Cheat Sheet,"Planning a flooring project? 💡 Never Stop Mid-Project With Shortages. Diagonal / Herringbone: 15-20% Buffer. Use our free, contractor-verified calculator with real-world material rounding & waste factor formulas. 🛠️ #DIY #Flooring #HomeImprovement #CraftCalc #RemodelHacks #BuildingCalculators",https://tool-1-pied.vercel.app/calculators/flooring/flooring-waste-calculator,https://tool-1-pied.vercel.app/video_pins/video_flooring-waste-calculator.mp4,https://tool-1-pied.vercel.app/pins/day20_flooring_waste_guide.jpg,DIY Flooring & Tile Ideas,Flooring,Ready
7,🔥 CONTRACTOR SECRET: How Many Gallons of Paint For Your Living Room?,"Planning a painting project? 🖌️ Exact Order: 2.5 → 3 Gallons + 1 Primer. 512 Sq Ft Walls - 2 Doors & 2 Windows. Use our free, contractor-verified calculator with real-world material rounding & waste factor formulas. 🛠️ #DIY #Painting #HomeImprovement #CraftCalc #RemodelHacks #BuildingCalculators",https://tool-1-pied.vercel.app/calculators/painting/paint-calculator,https://tool-1-pied.vercel.app/video_pins/video_paint-calculator.mp4,https://tool-1-pied.vercel.app/pins/day04_paint_gallons.jpg,Painting & Wall Decor,Painting,Ready
8,🔥 CONTRACTOR SECRET: Exact Wall Paint Cans Minus Doors & Windows!,"Planning a painting project? 📦 Exact Order: 2 Gallons Eggshell Finish. 480 Gross Sq Ft - 60 Sq Ft Openings = 420 Sq Ft. Use our free, contractor-verified calculator with real-world material rounding & waste factor formulas. 🛠️ #DIY #Painting #HomeImprovement #CraftCalc #RemodelHacks #BuildingCalculators",https://tool-1-pied.vercel.app/calculators/painting/wall-paint-calculator,https://tool-1-pied.vercel.app/video_pins/video_wall-paint-calculator.mp4,https://tool-1-pied.vercel.app/pins/day04_paint_gallons.jpg,Painting & Wall Decor,Painting,Ready
9,🔥 CONTRACTOR SECRET: Flat White Ceiling Paint Textured & Drywall Math,"Planning a painting project? 📦 Order: 2 Gallons Flat Ceiling Paint. 320 Sq Ft Smooth Ceiling Surface. Use our free, contractor-verified calculator with real-world material rounding & waste factor formulas. 🛠️ #DIY #Painting #HomeImprovement #CraftCalc #RemodelHacks #BuildingCalculators",https://tool-1-pied.vercel.app/calculators/painting/ceiling-paint-calculator,https://tool-1-pied.vercel.app/video_pins/video_ceiling-paint-calculator.mp4,https://tool-1-pied.vercel.app/pins/day19_ceiling_paint_sloped.jpg,Painting & Wall Decor,Painting,Ready
10,🔥 CONTRACTOR SECRET: Raw Drywall & Stains: How Much Primer Do You Need?,"Planning a painting project? 📦 Order: 2 Gallons High-Hide PVA Primer. High-Absorption Porous Plaster. Use our free, contractor-verified calculator with real-world material rounding & waste factor formulas. 🛠️ #DIY #Painting #HomeImprovement #CraftCalc #RemodelHacks #BuildingCalculators",https://tool-1-pied.vercel.app/calculators/painting/primer-calculator,https://tool-1-pied.vercel.app/video_pins/video_primer-calculator.mp4,https://tool-1-pied.vercel.app/pins/day25_primer_sealer_paint.jpg,Painting & Wall Decor,Painting,Ready
11,🔥 CONTRACTOR SECRET: 1 Gallon = How Many Sq Ft? Paint Spread Rate Cheat Sheet,"Planning a painting project? 💡 Calculate Exact Coverage in Seconds. Rough Masonry / Stucco: 200 Sq Ft / Gallon. Use our free, contractor-verified calculator with real-world material rounding & waste factor formulas. 🛠️ #DIY #Painting #HomeImprovement #CraftCalc #RemodelHacks #BuildingCalculators",https://tool-1-pied.vercel.app/calculators/painting/paint-coverage-calculator,https://tool-1-pied.vercel.app/video_pins/video_paint-coverage-calculator.mp4,https://tool-1-pied.vercel.app/pins/day04_paint_gallons.jpg,Painting & Wall Decor,Painting,Ready
12,🔥 CONTRACTOR SECRET: How Many Bags Of Concrete For A 10x10 Patio Slab?,"Planning a concrete-masonry project? 🏗️ Exact Order: 59 Bags (80 lb). 100 Sq Ft × 0.33 ft = 1.23 Cubic Yards. Use our free, contractor-verified calculator with real-world material rounding & waste factor formulas. 🛠️ #DIY #Concrete-masonry #HomeImprovement #CraftCalc #RemodelHacks #BuildingCalculators",https://tool-1-pied.vercel.app/calculators/concrete-masonry/concrete-calculator,https://tool-1-pied.vercel.app/video_pins/video_concrete-calculator.mp4,https://tool-1-pied.vercel.app/pins/day05_concrete_yards_bags.jpg,Concrete & Masonry Projects,Concrete-masonry,Ready
13,🔥 CONTRACTOR SECRET: Concrete Slab Yardage Matrix: Volume & Bags Estimator,"Planning a concrete-masonry project? 📦 Exact Order: 6 Cu Yds Ready-Mix. 288 Sq Ft × 0.50 ft = 5.33 Cubic Yards. Use our free, contractor-verified calculator with real-world material rounding & waste factor formulas. 🛠️ #DIY #Concrete-masonry #HomeImprovement #CraftCalc #RemodelHacks #BuildingCalculators",https://tool-1-pied.vercel.app/calculators/concrete-masonry/concrete-slab-calculator,https://tool-1-pied.vercel.app/video_pins/video_concrete-slab-calculator.mp4,https://tool-1-pied.vercel.app/pins/day05_concrete_yards_bags.jpg,Concrete & Masonry Projects,Concrete-masonry,Ready
14,🔥 CONTRACTOR SECRET: How Many Bags Per Yard? Exact Concrete Bag Converter,"Planning a concrete-masonry project? 💡 Instant Conversion Matrix Free. 80 lb Bag = 0.60 Cu Ft | 60 lb Bag = 0.45 Cu Ft. Use our free, contractor-verified calculator with real-world material rounding & waste factor formulas. 🛠️ #DIY #Concrete-masonry #HomeImprovement #CraftCalc #RemodelHacks #BuildingCalculators",https://tool-1-pied.vercel.app/calculators/concrete-masonry/concrete-bags-calculator,https://tool-1-pied.vercel.app/video_pins/video_concrete-bags-calculator.mp4,https://tool-1-pied.vercel.app/pins/day05_concrete_yards_bags.jpg,Concrete & Masonry Projects,Concrete-masonry,Ready
15,🔥 CONTRACTOR SECRET: How Many Standard Bricks For A 10x6 Garden Wall?,"Planning a concrete-masonry project? 📦 Order: 445 Bricks + 6 Bags Mortar. Standard Modular Brick (3/8"" Mortar Joint). Use our free, contractor-verified calculator with real-world material rounding & waste factor formulas. 🛠️ #DIY #Concrete-masonry #HomeImprovement #CraftCalc #RemodelHacks #BuildingCalculators",https://tool-1-pied.vercel.app/calculators/concrete-masonry/brick-calculator,https://tool-1-pied.vercel.app/video_pins/video_brick-calculator.mp4,https://tool-1-pied.vercel.app/pins/day12_brick_mortar_wall.jpg,Concrete & Masonry Projects,Concrete-masonry,Ready
16,🔥 CONTRACTOR SECRET: Exact 8x8x16 Cinder Blocks For Foundations & Retaining Walls,"Planning a concrete-masonry project? 📦 Exact Order: 190 Cinder Blocks. 160 Sq Ft Wall Surface Area. Use our free, contractor-verified calculator with real-world material rounding & waste factor formulas. 🛠️ #DIY #Concrete-masonry #HomeImprovement #CraftCalc #RemodelHacks #BuildingCalculators",https://tool-1-pied.vercel.app/calculators/concrete-masonry/block-calculator,https://tool-1-pied.vercel.app/video_pins/video_block-calculator.mp4,https://tool-1-pied.vercel.app/pins/day16_cinder_block_cmu.jpg,Concrete & Masonry Projects,Concrete-masonry,Ready
17,🔥 CONTRACTOR SECRET: How Many Bags of Mortar For Bricks and Cinder Blocks?,"Planning a concrete-masonry project? 📦 Never Stop Mid-Wall With Dry Mix. Requires 3 Bags Type S Mortar (80 lb each). Use our free, contractor-verified calculator with real-world material rounding & waste factor formulas. 🛠️ #DIY #Concrete-masonry #HomeImprovement #CraftCalc #RemodelHacks #BuildingCalculators",https://tool-1-pied.vercel.app/calculators/concrete-masonry/mortar-calculator,https://tool-1-pied.vercel.app/video_pins/video_mortar-calculator.mp4,https://tool-1-pied.vercel.app/pins/day28_masonry_mortar_mix.jpg,Concrete & Masonry Projects,Concrete-masonry,Ready
18,🔥 CONTRACTOR SECRET: How Many Tons Of Crushed Stone For A 10x20 Driveway?,"Planning a garden project? 🚚 Exact Order: 2.75 Tons Gravel. 200 Sq Ft × 0.25 ft = 50 Cu Ft (1.85 Cu Yds). Use our free, contractor-verified calculator with real-world material rounding & waste factor formulas. 🛠️ #DIY #Garden #HomeImprovement #CraftCalc #RemodelHacks #BuildingCalculators",https://tool-1-pied.vercel.app/calculators/garden/gravel-calculator,https://tool-1-pied.vercel.app/video_pins/video_gravel-calculator.mp4,https://tool-1-pied.vercel.app/pins/day06_gravel_driveway.jpg,Garden & Outdoor Living,Garden,Ready
19,🔥 CONTRACTOR SECRET: Pavers & Base Sand Estimator Avoid Mid-Project Stoppage!,"Planning a garden project? 🔨 Total: 192 Pavers + 3.7 Tons Base Materials. Base: 4"" Gravel Sub-base + 1"" Bedding Sand. Use our free, contractor-verified calculator with real-world material rounding & waste factor formulas. 🛠️ #DIY #Garden #HomeImprovement #CraftCalc #RemodelHacks #BuildingCalculators",https://tool-1-pied.vercel.app/calculators/garden/patio-calculator,https://tool-1-pied.vercel.app/video_pins/video_patio-calculator.mp4,https://tool-1-pied.vercel.app/pins/day07_paver_patio_sand.jpg,Garden & Outdoor Living,Garden,Ready
20,🔥 CONTRACTOR SECRET: How Many Bags or Yards of Mulch For Weed Prevention?,"Planning a garden project? 📦 Exact Order: 4 Yards Bulk or 50 Bags. Recommended Weed Barrier Depth: 3 Inches. Use our free, contractor-verified calculator with real-world material rounding & waste factor formulas. 🛠️ #DIY #Garden #HomeImprovement #CraftCalc #RemodelHacks #BuildingCalculators",https://tool-1-pied.vercel.app/calculators/garden/mulch-calculator,https://tool-1-pied.vercel.app/video_pins/video_mulch-calculator.mp4,https://tool-1-pied.vercel.app/pins/day09_mulch_garden_beds.jpg,Garden & Outdoor Living,Garden,Ready
21,🔥 CONTRACTOR SECRET: Raised Garden Bed Soil Formula: Cubic Feet to Bags Matrix,"Planning a garden project? 🪴 Order: 1.2 Cubic Yards Soil Mix. 32 Cubic Feet Volume Required. Use our free, contractor-verified calculator with real-world material rounding & waste factor formulas. 🛠️ #DIY #Garden #HomeImprovement #CraftCalc #RemodelHacks #BuildingCalculators",https://tool-1-pied.vercel.app/calculators/garden/soil-calculator,https://tool-1-pied.vercel.app/video_pins/video_soil-calculator.mp4,https://tool-1-pied.vercel.app/pins/day23_topsoil_raised_bed.jpg,Garden & Outdoor Living,Garden,Ready
22,"🔥 CONTRACTOR SECRET: How Many Sod Rolls For A 1,500 Sq Ft Lawn?","Planning a garden project? 🌱 Exact Order: 165 Rolls (3.3 Pallets). Standard Sod Roll: 2 ft × 5 ft (10 Sq Ft/Roll). Use our free, contractor-verified calculator with real-world material rounding & waste factor formulas. 🛠️ #DIY #Garden #HomeImprovement #CraftCalc #RemodelHacks #BuildingCalculators",https://tool-1-pied.vercel.app/calculators/garden/turf-calculator,https://tool-1-pied.vercel.app/video_pins/video_turf-calculator.mp4,https://tool-1-pied.vercel.app/pins/day13_sod_turf_lawn.jpg,Garden & Outdoor Living,Garden,Ready
23,"🔥 CONTRACTOR SECRET: Posts, Rails & Pickets Formula For A 100 ft Privacy Fence","Planning a garden project? 🔨 Pickets: 200 Dog-Ear Pickets (5.5"" wide). Post Spacing: 8 ft On-Center. Use our free, contractor-verified calculator with real-world material rounding & waste factor formulas. 🛠️ #DIY #Garden #HomeImprovement #CraftCalc #RemodelHacks #BuildingCalculators",https://tool-1-pied.vercel.app/calculators/garden/fence-calculator,https://tool-1-pied.vercel.app/video_pins/video_fence-calculator.mp4,https://tool-1-pied.vercel.app/pins/day10_wood_fence_materials.jpg,Garden & Outdoor Living,Garden,Ready
24,"🔥 CONTRACTOR SECRET: How To Measure Any Room: L-Shapes, Closets & Complex Walls","Planning a rooms project? 💡 Instant Imperial & Metric Breakdown. Section A (120 sq ft) + Section B (112 sq ft). Use our free, contractor-verified calculator with real-world material rounding & waste factor formulas. 🛠️ #DIY #Rooms #HomeImprovement #CraftCalc #RemodelHacks #BuildingCalculators",https://tool-1-pied.vercel.app/calculators/rooms/room-area-calculator,https://tool-1-pied.vercel.app/video_pins/video_room-area-calculator.mp4,https://tool-1-pied.vercel.app/pins/day08_room_sqft_area.jpg,Smart Home Measurements,Rooms,Ready
25,🔥 CONTRACTOR SECRET: Square Feet to Square Metres: 2-Way Fast Converter,"Planning a rooms project? ⚡ Instant Trade Conversion Free. 1 Sq Metre = 10.764 Square Feet. Use our free, contractor-verified calculator with real-world material rounding & waste factor formulas. 🛠️ #DIY #Rooms #HomeImprovement #CraftCalc #RemodelHacks #BuildingCalculators",https://tool-1-pied.vercel.app/calculators/rooms/square-metres-calculator,https://tool-1-pied.vercel.app/video_pins/video_square-metres-calculator.mp4,https://tool-1-pied.vercel.app/pins/day22_sqft_to_m2_converter.jpg,Smart Home Measurements,Rooms,Ready
26,🔥 CONTRACTOR SECRET: Pattern Repeat & Double Rolls: How Many Wallpaper Rolls?,"Planning a rooms project? 📦 Exact Order: 3 Double Rolls. Pattern Match Repeat: 21 Inches (Drop Match). Use our free, contractor-verified calculator with real-world material rounding & waste factor formulas. 🛠️ #DIY #Rooms #HomeImprovement #CraftCalc #RemodelHacks #BuildingCalculators",https://tool-1-pied.vercel.app/calculators/rooms/wallpaper-calculator,https://tool-1-pied.vercel.app/video_pins/video_wallpaper-calculator.mp4,https://tool-1-pied.vercel.app/pins/day14_wallpaper_repeat_rolls.jpg,Smart Home Measurements,Rooms,Ready
27,"🔥 CONTRACTOR SECRET: Net Wall Area Calculator: Subtracts Doors, Windows & Openings","Planning a rooms project? 📦 Exact Drywall & Paint Quantities. 2 Doors (42 sq ft) + 3 Windows (45 sq ft). Use our free, contractor-verified calculator with real-world material rounding & waste factor formulas. 🛠️ #DIY #Rooms #HomeImprovement #CraftCalc #RemodelHacks #BuildingCalculators",https://tool-1-pied.vercel.app/calculators/rooms/wall-area-calculator,https://tool-1-pied.vercel.app/video_pins/video_wall-area-calculator.mp4,https://tool-1-pied.vercel.app/pins/day15_drywall_wall_area.jpg,Smart Home Measurements,Rooms,Ready
28,🔥 CONTRACTOR SECRET: Skirting Board Perimeter Math With 45° Corner Miter Cuts,"Planning a rooms project? 📦 Exact Order: 5 Pieces (12 ft Lengths). Subtract 2 Door Openings (6 ft Total). Use our free, contractor-verified calculator with real-world material rounding & waste factor formulas. 🛠️ #DIY #Rooms #HomeImprovement #CraftCalc #RemodelHacks #BuildingCalculators",https://tool-1-pied.vercel.app/calculators/rooms/skirting-board-calculator,https://tool-1-pied.vercel.app/video_pins/video_skirting-board-calculator.mp4,https://tool-1-pied.vercel.app/pins/day18_skirting_baseboard_trim.jpg,Smart Home Measurements,Rooms,Ready
29,"🔥 CONTRACTOR SECRET: Contractor Measurement Converter: Feet, Inches, Metres & MM","Planning a conversions project? ⚡ 100% Free Online Trade Tool. 1 Metre = 3.28084 Feet (39.37 Inches). Use our free, contractor-verified calculator with real-world material rounding & waste factor formulas. 🛠️ #DIY #Conversions #HomeImprovement #CraftCalc #RemodelHacks #BuildingCalculators",https://tool-1-pied.vercel.app/calculators/conversions/feet-to-metres,https://tool-1-pied.vercel.app/video_pins/video_feet-to-metres.mp4,https://tool-1-pied.vercel.app/pins/day29_feet_meters_trade_converter.jpg,Smart Home Measurements,Conversions,Ready
30,🔥 CONTRACTOR SECRET: Area Unit Conversion Matrix: Sq Ft to Sq Metres to Acres,"Planning a conversions project? ⚡ Instant Free Calculations. 1,000 Sq Ft = 92.90 m² | 1 Acre = 43,560 Sq Ft. Use our free, contractor-verified calculator with real-world material rounding & waste factor formulas. 🛠️ #DIY #Conversions #HomeImprovement #CraftCalc #RemodelHacks #BuildingCalculators",https://tool-1-pied.vercel.app/calculators/conversions/square-feet-to-m2,https://tool-1-pied.vercel.app/video_pins/video_square-feet-to-m2.mp4,https://tool-1-pied.vercel.app/pins/day22_sqft_to_m2_converter.jpg,Smart Home Measurements,Conversions,Ready
31,⚠️ AVOID THIS DIY MISTAKE: How Many Boxes Of Flooring Do You REALLY Need?,"Planning a flooring project? 📦 Exact Order: 9 Full Boxes (Zero Shortage). 12 ft × 15 ft = 180 Sq Ft (8.1 Boxes). Use our free, contractor-verified calculator with real-world material rounding & waste factor formulas. 🛠️ #DIY #Flooring #HomeImprovement #CraftCalc #RemodelHacks #BuildingCalculators",https://tool-1-pied.vercel.app/calculators/flooring/flooring-calculator,https://tool-1-pied.vercel.app/video_pins/video_flooring-calculator.mp4,https://tool-1-pied.vercel.app/pins/day01_flooring_boxes.jpg,DIY Flooring & Tile Ideas,Flooring,Ready
32,⚠️ AVOID THIS DIY MISTAKE: Stop Buying The Wrong Number of Tiles & Grout!,"Planning a flooring project? 📦 Order: 35 Tiles + 1 Bag Mortar. 60 Sq Ft Backsplash with 12x24 Tiles. Use our free, contractor-verified calculator with real-world material rounding & waste factor formulas. 🛠️ #DIY #Flooring #HomeImprovement #CraftCalc #RemodelHacks #BuildingCalculators",https://tool-1-pied.vercel.app/calculators/flooring/tile-calculator,https://tool-1-pied.vercel.app/video_pins/video_tile-calculator.mp4,https://tool-1-pied.vercel.app/pins/day02_tile_grout_mortar.jpg,Bathroom & Kitchen Tiling,Flooring,Ready
33,"⚠️ AVOID THIS DIY MISTAKE: Laminate Planks & Foam Roll Formula with 3/8"" Gap","Planning a flooring project? 📦 Exact Order: 15 Packs + 4 Underlayment Rolls. 320 Sq Ft Area (Requires Underlayment). Use our free, contractor-verified calculator with real-world material rounding & waste factor formulas. 🛠️ #DIY #Flooring #HomeImprovement #CraftCalc #RemodelHacks #BuildingCalculators",https://tool-1-pied.vercel.app/calculators/flooring/laminate-calculator,https://tool-1-pied.vercel.app/video_pins/video_laminate-calculator.mp4,https://tool-1-pied.vercel.app/pins/day03_laminate_underlayment.jpg,Laminate & Vinyl,Flooring,Ready
34,⚠️ AVOID THIS DIY MISTAKE: Exact LVP Cartons Needed With Click-Lock Overlap,"Planning a flooring project? 📦 Exact Order: 14 Whole Cartons. Plank Size: 7"" × 48"" (2.33 Sq Ft/Plank). Use our free, contractor-verified calculator with real-world material rounding & waste factor formulas. 🛠️ #DIY #Flooring #HomeImprovement #CraftCalc #RemodelHacks #BuildingCalculators",https://tool-1-pied.vercel.app/calculators/flooring/vinyl-flooring-calculator,https://tool-1-pied.vercel.app/video_pins/video_vinyl-flooring-calculator.mp4,https://tool-1-pied.vercel.app/pins/day11_vinyl_plank_lvp.jpg,DIY Flooring & Tile Ideas,Flooring,Ready
35,⚠️ AVOID THIS DIY MISTAKE: Square Feet to Square Yards Carpet Roll Calculator,"Planning a flooring project? 📦 Order: 30 Sq Yds Carpet + 30 Yds Pad. Standard Roll Width: 12 ft Seamless. Use our free, contractor-verified calculator with real-world material rounding & waste factor formulas. 🛠️ #DIY #Flooring #HomeImprovement #CraftCalc #RemodelHacks #BuildingCalculators",https://tool-1-pied.vercel.app/calculators/flooring/carpet-calculator,https://tool-1-pied.vercel.app/video_pins/video_carpet-calculator.mp4,https://tool-1-pied.vercel.app/pins/day17_carpet_square_yards.jpg,DIY Flooring & Tile Ideas,Flooring,Ready
36,⚠️ AVOID THIS DIY MISTAKE: Straight vs Diagonal Flooring Exact Waste Percentage Cheat Sheet,"Planning a flooring project? 💡 Never Stop Mid-Project With Shortages. Diagonal / Herringbone: 15-20% Buffer. Use our free, contractor-verified calculator with real-world material rounding & waste factor formulas. 🛠️ #DIY #Flooring #HomeImprovement #CraftCalc #RemodelHacks #BuildingCalculators",https://tool-1-pied.vercel.app/calculators/flooring/flooring-waste-calculator,https://tool-1-pied.vercel.app/video_pins/video_flooring-waste-calculator.mp4,https://tool-1-pied.vercel.app/pins/day20_flooring_waste_guide.jpg,DIY Flooring & Tile Ideas,Flooring,Ready
37,⚠️ AVOID THIS DIY MISTAKE: How Many Gallons of Paint For Your Living Room?,"Planning a painting project? 🖌️ Exact Order: 2.5 → 3 Gallons + 1 Primer. 512 Sq Ft Walls - 2 Doors & 2 Windows. Use our free, contractor-verified calculator with real-world material rounding & waste factor formulas. 🛠️ #DIY #Painting #HomeImprovement #CraftCalc #RemodelHacks #BuildingCalculators",https://tool-1-pied.vercel.app/calculators/painting/paint-calculator,https://tool-1-pied.vercel.app/video_pins/video_paint-calculator.mp4,https://tool-1-pied.vercel.app/pins/day04_paint_gallons.jpg,Painting & Wall Decor,Painting,Ready
38,⚠️ AVOID THIS DIY MISTAKE: Exact Wall Paint Cans Minus Doors & Windows!,"Planning a painting project? 📦 Exact Order: 2 Gallons Eggshell Finish. 480 Gross Sq Ft - 60 Sq Ft Openings = 420 Sq Ft. Use our free, contractor-verified calculator with real-world material rounding & waste factor formulas. 🛠️ #DIY #Painting #HomeImprovement #CraftCalc #RemodelHacks #BuildingCalculators",https://tool-1-pied.vercel.app/calculators/painting/wall-paint-calculator,https://tool-1-pied.vercel.app/video_pins/video_wall-paint-calculator.mp4,https://tool-1-pied.vercel.app/pins/day04_paint_gallons.jpg,Painting & Wall Decor,Painting,Ready
39,⚠️ AVOID THIS DIY MISTAKE: Flat White Ceiling Paint Textured & Drywall Math,"Planning a painting project? 📦 Order: 2 Gallons Flat Ceiling Paint. 320 Sq Ft Smooth Ceiling Surface. Use our free, contractor-verified calculator with real-world material rounding & waste factor formulas. 🛠️ #DIY #Painting #HomeImprovement #CraftCalc #RemodelHacks #BuildingCalculators",https://tool-1-pied.vercel.app/calculators/painting/ceiling-paint-calculator,https://tool-1-pied.vercel.app/video_pins/video_ceiling-paint-calculator.mp4,https://tool-1-pied.vercel.app/pins/day19_ceiling_paint_sloped.jpg,Painting & Wall Decor,Painting,Ready
40,⚠️ AVOID THIS DIY MISTAKE: Raw Drywall & Stains: How Much Primer Do You Need?,"Planning a painting project? 📦 Order: 2 Gallons High-Hide PVA Primer. High-Absorption Porous Plaster. Use our free, contractor-verified calculator with real-world material rounding & waste factor formulas. 🛠️ #DIY #Painting #HomeImprovement #CraftCalc #RemodelHacks #BuildingCalculators",https://tool-1-pied.vercel.app/calculators/painting/primer-calculator,https://tool-1-pied.vercel.app/video_pins/video_primer-calculator.mp4,https://tool-1-pied.vercel.app/pins/day25_primer_sealer_paint.jpg,Painting & Wall Decor,Painting,Ready
41,⚠️ AVOID THIS DIY MISTAKE: 1 Gallon = How Many Sq Ft? Paint Spread Rate Cheat Sheet,"Planning a painting project? 💡 Calculate Exact Coverage in Seconds. Rough Masonry / Stucco: 200 Sq Ft / Gallon. Use our free, contractor-verified calculator with real-world material rounding & waste factor formulas. 🛠️ #DIY #Painting #HomeImprovement #CraftCalc #RemodelHacks #BuildingCalculators",https://tool-1-pied.vercel.app/calculators/painting/paint-coverage-calculator,https://tool-1-pied.vercel.app/video_pins/video_paint-coverage-calculator.mp4,https://tool-1-pied.vercel.app/pins/day04_paint_gallons.jpg,Painting & Wall Decor,Painting,Ready
42,⚠️ AVOID THIS DIY MISTAKE: How Many Bags Of Concrete For A 10x10 Patio Slab?,"Planning a concrete-masonry project? 🏗️ Exact Order: 59 Bags (80 lb). 100 Sq Ft × 0.33 ft = 1.23 Cubic Yards. Use our free, contractor-verified calculator with real-world material rounding & waste factor formulas. 🛠️ #DIY #Concrete-masonry #HomeImprovement #CraftCalc #RemodelHacks #BuildingCalculators",https://tool-1-pied.vercel.app/calculators/concrete-masonry/concrete-calculator,https://tool-1-pied.vercel.app/video_pins/video_concrete-calculator.mp4,https://tool-1-pied.vercel.app/pins/day05_concrete_yards_bags.jpg,Concrete & Masonry Projects,Concrete-masonry,Ready
43,⚠️ AVOID THIS DIY MISTAKE: Concrete Slab Yardage Matrix: Volume & Bags Estimator,"Planning a concrete-masonry project? 📦 Exact Order: 6 Cu Yds Ready-Mix. 288 Sq Ft × 0.50 ft = 5.33 Cubic Yards. Use our free, contractor-verified calculator with real-world material rounding & waste factor formulas. 🛠️ #DIY #Concrete-masonry #HomeImprovement #CraftCalc #RemodelHacks #BuildingCalculators",https://tool-1-pied.vercel.app/calculators/concrete-masonry/concrete-slab-calculator,https://tool-1-pied.vercel.app/video_pins/video_concrete-slab-calculator.mp4,https://tool-1-pied.vercel.app/pins/day05_concrete_yards_bags.jpg,Concrete & Masonry Projects,Concrete-masonry,Ready
44,⚠️ AVOID THIS DIY MISTAKE: How Many Bags Per Yard? Exact Concrete Bag Converter,"Planning a concrete-masonry project? 💡 Instant Conversion Matrix Free. 80 lb Bag = 0.60 Cu Ft | 60 lb Bag = 0.45 Cu Ft. Use our free, contractor-verified calculator with real-world material rounding & waste factor formulas. 🛠️ #DIY #Concrete-masonry #HomeImprovement #CraftCalc #RemodelHacks #BuildingCalculators",https://tool-1-pied.vercel.app/calculators/concrete-masonry/concrete-bags-calculator,https://tool-1-pied.vercel.app/video_pins/video_concrete-bags-calculator.mp4,https://tool-1-pied.vercel.app/pins/day05_concrete_yards_bags.jpg,Concrete & Masonry Projects,Concrete-masonry,Ready
45,⚠️ AVOID THIS DIY MISTAKE: How Many Standard Bricks For A 10x6 Garden Wall?,"Planning a concrete-masonry project? 📦 Order: 445 Bricks + 6 Bags Mortar. Standard Modular Brick (3/8"" Mortar Joint). Use our free, contractor-verified calculator with real-world material rounding & waste factor formulas. 🛠️ #DIY #Concrete-masonry #HomeImprovement #CraftCalc #RemodelHacks #BuildingCalculators",https://tool-1-pied.vercel.app/calculators/concrete-masonry/brick-calculator,https://tool-1-pied.vercel.app/video_pins/video_brick-calculator.mp4,https://tool-1-pied.vercel.app/pins/day12_brick_mortar_wall.jpg,Concrete & Masonry Projects,Concrete-masonry,Ready
46,⚠️ AVOID THIS DIY MISTAKE: Exact 8x8x16 Cinder Blocks For Foundations & Retaining Walls,"Planning a concrete-masonry project? 📦 Exact Order: 190 Cinder Blocks. 160 Sq Ft Wall Surface Area. Use our free, contractor-verified calculator with real-world material rounding & waste factor formulas. 🛠️ #DIY #Concrete-masonry #HomeImprovement #CraftCalc #RemodelHacks #BuildingCalculators",https://tool-1-pied.vercel.app/calculators/concrete-masonry/block-calculator,https://tool-1-pied.vercel.app/video_pins/video_block-calculator.mp4,https://tool-1-pied.vercel.app/pins/day16_cinder_block_cmu.jpg,Concrete & Masonry Projects,Concrete-masonry,Ready
47,⚠️ AVOID THIS DIY MISTAKE: How Many Bags of Mortar For Bricks and Cinder Blocks?,"Planning a concrete-masonry project? 📦 Never Stop Mid-Wall With Dry Mix. Requires 3 Bags Type S Mortar (80 lb each). Use our free, contractor-verified calculator with real-world material rounding & waste factor formulas. 🛠️ #DIY #Concrete-masonry #HomeImprovement #CraftCalc #RemodelHacks #BuildingCalculators",https://tool-1-pied.vercel.app/calculators/concrete-masonry/mortar-calculator,https://tool-1-pied.vercel.app/video_pins/video_mortar-calculator.mp4,https://tool-1-pied.vercel.app/pins/day28_masonry_mortar_mix.jpg,Concrete & Masonry Projects,Concrete-masonry,Ready
48,⚠️ AVOID THIS DIY MISTAKE: How Many Tons Of Crushed Stone For A 10x20 Driveway?,"Planning a garden project? 🚚 Exact Order: 2.75 Tons Gravel. 200 Sq Ft × 0.25 ft = 50 Cu Ft (1.85 Cu Yds). Use our free, contractor-verified calculator with real-world material rounding & waste factor formulas. 🛠️ #DIY #Garden #HomeImprovement #CraftCalc #RemodelHacks #BuildingCalculators",https://tool-1-pied.vercel.app/calculators/garden/gravel-calculator,https://tool-1-pied.vercel.app/video_pins/video_gravel-calculator.mp4,https://tool-1-pied.vercel.app/pins/day06_gravel_driveway.jpg,Garden & Outdoor Living,Garden,Ready
49,⚠️ AVOID THIS DIY MISTAKE: Pavers & Base Sand Estimator Avoid Mid-Project Stoppage!,"Planning a garden project? 🔨 Total: 192 Pavers + 3.7 Tons Base Materials. Base: 4"" Gravel Sub-base + 1"" Bedding Sand. Use our free, contractor-verified calculator with real-world material rounding & waste factor formulas. 🛠️ #DIY #Garden #HomeImprovement #CraftCalc #RemodelHacks #BuildingCalculators",https://tool-1-pied.vercel.app/calculators/garden/patio-calculator,https://tool-1-pied.vercel.app/video_pins/video_patio-calculator.mp4,https://tool-1-pied.vercel.app/pins/day07_paver_patio_sand.jpg,Garden & Outdoor Living,Garden,Ready
50,⚠️ AVOID THIS DIY MISTAKE: How Many Bags or Yards of Mulch For Weed Prevention?,"Planning a garden project? 📦 Exact Order: 4 Yards Bulk or 50 Bags. Recommended Weed Barrier Depth: 3 Inches. Use our free, contractor-verified calculator with real-world material rounding & waste factor formulas. 🛠️ #DIY #Garden #HomeImprovement #CraftCalc #RemodelHacks #BuildingCalculators",https://tool-1-pied.vercel.app/calculators/garden/mulch-calculator,https://tool-1-pied.vercel.app/video_pins/video_mulch-calculator.mp4,https://tool-1-pied.vercel.app/pins/day09_mulch_garden_beds.jpg,Garden & Outdoor Living,Garden,Ready
51,⚠️ AVOID THIS DIY MISTAKE: Raised Garden Bed Soil Formula: Cubic Feet to Bags Matrix,"Planning a garden project? 🪴 Order: 1.2 Cubic Yards Soil Mix. 32 Cubic Feet Volume Required. Use our free, contractor-verified calculator with real-world material rounding & waste factor formulas. 🛠️ #DIY #Garden #HomeImprovement #CraftCalc #RemodelHacks #BuildingCalculators",https://tool-1-pied.vercel.app/calculators/garden/soil-calculator,https://tool-1-pied.vercel.app/video_pins/video_soil-calculator.mp4,https://tool-1-pied.vercel.app/pins/day23_topsoil_raised_bed.jpg,Garden & Outdoor Living,Garden,Ready
52,"⚠️ AVOID THIS DIY MISTAKE: How Many Sod Rolls For A 1,500 Sq Ft Lawn?","Planning a garden project? 🌱 Exact Order: 165 Rolls (3.3 Pallets). Standard Sod Roll: 2 ft × 5 ft (10 Sq Ft/Roll). Use our free, contractor-verified calculator with real-world material rounding & waste factor formulas. 🛠️ #DIY #Garden #HomeImprovement #CraftCalc #RemodelHacks #BuildingCalculators",https://tool-1-pied.vercel.app/calculators/garden/turf-calculator,https://tool-1-pied.vercel.app/video_pins/video_turf-calculator.mp4,https://tool-1-pied.vercel.app/pins/day13_sod_turf_lawn.jpg,Garden & Outdoor Living,Garden,Ready
53,"⚠️ AVOID THIS DIY MISTAKE: Posts, Rails & Pickets Formula For A 100 ft Privacy Fence","Planning a garden project? 🔨 Pickets: 200 Dog-Ear Pickets (5.5"" wide). Post Spacing: 8 ft On-Center. Use our free, contractor-verified calculator with real-world material rounding & waste factor formulas. 🛠️ #DIY #Garden #HomeImprovement #CraftCalc #RemodelHacks #BuildingCalculators",https://tool-1-pied.vercel.app/calculators/garden/fence-calculator,https://tool-1-pied.vercel.app/video_pins/video_fence-calculator.mp4,https://tool-1-pied.vercel.app/pins/day10_wood_fence_materials.jpg,Garden & Outdoor Living,Garden,Ready
54,"⚠️ AVOID THIS DIY MISTAKE: How To Measure Any Room: L-Shapes, Closets & Complex Walls","Planning a rooms project? 💡 Instant Imperial & Metric Breakdown. Section A (120 sq ft) + Section B (112 sq ft). Use our free, contractor-verified calculator with real-world material rounding & waste factor formulas. 🛠️ #DIY #Rooms #HomeImprovement #CraftCalc #RemodelHacks #BuildingCalculators",https://tool-1-pied.vercel.app/calculators/rooms/room-area-calculator,https://tool-1-pied.vercel.app/video_pins/video_room-area-calculator.mp4,https://tool-1-pied.vercel.app/pins/day08_room_sqft_area.jpg,Smart Home Measurements,Rooms,Ready
55,⚠️ AVOID THIS DIY MISTAKE: Square Feet to Square Metres: 2-Way Fast Converter,"Planning a rooms project? ⚡ Instant Trade Conversion Free. 1 Sq Metre = 10.764 Square Feet. Use our free, contractor-verified calculator with real-world material rounding & waste factor formulas. 🛠️ #DIY #Rooms #HomeImprovement #CraftCalc #RemodelHacks #BuildingCalculators",https://tool-1-pied.vercel.app/calculators/rooms/square-metres-calculator,https://tool-1-pied.vercel.app/video_pins/video_square-metres-calculator.mp4,https://tool-1-pied.vercel.app/pins/day22_sqft_to_m2_converter.jpg,Smart Home Measurements,Rooms,Ready
56,⚠️ AVOID THIS DIY MISTAKE: Pattern Repeat & Double Rolls: How Many Wallpaper Rolls?,"Planning a rooms project? 📦 Exact Order: 3 Double Rolls. Pattern Match Repeat: 21 Inches (Drop Match). Use our free, contractor-verified calculator with real-world material rounding & waste factor formulas. 🛠️ #DIY #Rooms #HomeImprovement #CraftCalc #RemodelHacks #BuildingCalculators",https://tool-1-pied.vercel.app/calculators/rooms/wallpaper-calculator,https://tool-1-pied.vercel.app/video_pins/video_wallpaper-calculator.mp4,https://tool-1-pied.vercel.app/pins/day14_wallpaper_repeat_rolls.jpg,Smart Home Measurements,Rooms,Ready
57,"⚠️ AVOID THIS DIY MISTAKE: Net Wall Area Calculator: Subtracts Doors, Windows & Openings","Planning a rooms project? 📦 Exact Drywall & Paint Quantities. 2 Doors (42 sq ft) + 3 Windows (45 sq ft). Use our free, contractor-verified calculator with real-world material rounding & waste factor formulas. 🛠️ #DIY #Rooms #HomeImprovement #CraftCalc #RemodelHacks #BuildingCalculators",https://tool-1-pied.vercel.app/calculators/rooms/wall-area-calculator,https://tool-1-pied.vercel.app/video_pins/video_wall-area-calculator.mp4,https://tool-1-pied.vercel.app/pins/day15_drywall_wall_area.jpg,Smart Home Measurements,Rooms,Ready
58,⚠️ AVOID THIS DIY MISTAKE: Skirting Board Perimeter Math With 45° Corner Miter Cuts,"Planning a rooms project? 📦 Exact Order: 5 Pieces (12 ft Lengths). Subtract 2 Door Openings (6 ft Total). Use our free, contractor-verified calculator with real-world material rounding & waste factor formulas. 🛠️ #DIY #Rooms #HomeImprovement #CraftCalc #RemodelHacks #BuildingCalculators",https://tool-1-pied.vercel.app/calculators/rooms/skirting-board-calculator,https://tool-1-pied.vercel.app/video_pins/video_skirting-board-calculator.mp4,https://tool-1-pied.vercel.app/pins/day18_skirting_baseboard_trim.jpg,Smart Home Measurements,Rooms,Ready
59,"⚠️ AVOID THIS DIY MISTAKE: Contractor Measurement Converter: Feet, Inches, Metres & MM","Planning a conversions project? ⚡ 100% Free Online Trade Tool. 1 Metre = 3.28084 Feet (39.37 Inches). Use our free, contractor-verified calculator with real-world material rounding & waste factor formulas. 🛠️ #DIY #Conversions #HomeImprovement #CraftCalc #RemodelHacks #BuildingCalculators",https://tool-1-pied.vercel.app/calculators/conversions/feet-to-metres,https://tool-1-pied.vercel.app/video_pins/video_feet-to-metres.mp4,https://tool-1-pied.vercel.app/pins/day29_feet_meters_trade_converter.jpg,Smart Home Measurements,Conversions,Ready
60,⚠️ AVOID THIS DIY MISTAKE: Area Unit Conversion Matrix: Sq Ft to Sq Metres to Acres,"Planning a conversions project? ⚡ Instant Free Calculations. 1,000 Sq Ft = 92.90 m² | 1 Acre = 43,560 Sq Ft. Use our free, contractor-verified calculator with real-world material rounding & waste factor formulas. 🛠️ #DIY #Conversions #HomeImprovement #CraftCalc #RemodelHacks #BuildingCalculators",https://tool-1-pied.vercel.app/calculators/conversions/square-feet-to-m2,https://tool-1-pied.vercel.app/video_pins/video_square-feet-to-m2.mp4,https://tool-1-pied.vercel.app/pins/day22_sqft_to_m2_converter.jpg,Smart Home Measurements,Conversions,Ready
61,📐 THE 1-MINUTE CHEAT SHEET: How Many Boxes Of Flooring Do You REALLY Need?,"Planning a flooring project? 📦 Exact Order: 9 Full Boxes (Zero Shortage). 12 ft × 15 ft = 180 Sq Ft (8.1 Boxes). Use our free, contractor-verified calculator with real-world material rounding & waste factor formulas. 🛠️ #DIY #Flooring #HomeImprovement #CraftCalc #RemodelHacks #BuildingCalculators",https://tool-1-pied.vercel.app/calculators/flooring/flooring-calculator,https://tool-1-pied.vercel.app/video_pins/video_flooring-calculator.mp4,https://tool-1-pied.vercel.app/pins/day01_flooring_boxes.jpg,DIY Flooring & Tile Ideas,Flooring,Ready
62,📐 THE 1-MINUTE CHEAT SHEET: Stop Buying The Wrong Number of Tiles & Grout!,"Planning a flooring project? 📦 Order: 35 Tiles + 1 Bag Mortar. 60 Sq Ft Backsplash with 12x24 Tiles. Use our free, contractor-verified calculator with real-world material rounding & waste factor formulas. 🛠️ #DIY #Flooring #HomeImprovement #CraftCalc #RemodelHacks #BuildingCalculators",https://tool-1-pied.vercel.app/calculators/flooring/tile-calculator,https://tool-1-pied.vercel.app/video_pins/video_tile-calculator.mp4,https://tool-1-pied.vercel.app/pins/day02_tile_grout_mortar.jpg,Bathroom & Kitchen Tiling,Flooring,Ready
63,"📐 THE 1-MINUTE CHEAT SHEET: Laminate Planks & Foam Roll Formula with 3/8"" Gap","Planning a flooring project? 📦 Exact Order: 15 Packs + 4 Underlayment Rolls. 320 Sq Ft Area (Requires Underlayment). Use our free, contractor-verified calculator with real-world material rounding & waste factor formulas. 🛠️ #DIY #Flooring #HomeImprovement #CraftCalc #RemodelHacks #BuildingCalculators",https://tool-1-pied.vercel.app/calculators/flooring/laminate-calculator,https://tool-1-pied.vercel.app/video_pins/video_laminate-calculator.mp4,https://tool-1-pied.vercel.app/pins/day03_laminate_underlayment.jpg,Laminate & Vinyl,Flooring,Ready
64,📐 THE 1-MINUTE CHEAT SHEET: Exact LVP Cartons Needed With Click-Lock Overlap,"Planning a flooring project? 📦 Exact Order: 14 Whole Cartons. Plank Size: 7"" × 48"" (2.33 Sq Ft/Plank). Use our free, contractor-verified calculator with real-world material rounding & waste factor formulas. 🛠️ #DIY #Flooring #HomeImprovement #CraftCalc #RemodelHacks #BuildingCalculators",https://tool-1-pied.vercel.app/calculators/flooring/vinyl-flooring-calculator,https://tool-1-pied.vercel.app/video_pins/video_vinyl-flooring-calculator.mp4,https://tool-1-pied.vercel.app/pins/day11_vinyl_plank_lvp.jpg,DIY Flooring & Tile Ideas,Flooring,Ready
65,📐 THE 1-MINUTE CHEAT SHEET: Square Feet to Square Yards Carpet Roll Calculator,"Planning a flooring project? 📦 Order: 30 Sq Yds Carpet + 30 Yds Pad. Standard Roll Width: 12 ft Seamless. Use our free, contractor-verified calculator with real-world material rounding & waste factor formulas. 🛠️ #DIY #Flooring #HomeImprovement #CraftCalc #RemodelHacks #BuildingCalculators",https://tool-1-pied.vercel.app/calculators/flooring/carpet-calculator,https://tool-1-pied.vercel.app/video_pins/video_carpet-calculator.mp4,https://tool-1-pied.vercel.app/pins/day17_carpet_square_yards.jpg,DIY Flooring & Tile Ideas,Flooring,Ready
66,📐 THE 1-MINUTE CHEAT SHEET: Straight vs Diagonal Flooring Exact Waste Percentage Cheat Sheet,"Planning a flooring project? 💡 Never Stop Mid-Project With Shortages. Diagonal / Herringbone: 15-20% Buffer. Use our free, contractor-verified calculator with real-world material rounding & waste factor formulas. 🛠️ #DIY #Flooring #HomeImprovement #CraftCalc #RemodelHacks #BuildingCalculators",https://tool-1-pied.vercel.app/calculators/flooring/flooring-waste-calculator,https://tool-1-pied.vercel.app/video_pins/video_flooring-waste-calculator.mp4,https://tool-1-pied.vercel.app/pins/day20_flooring_waste_guide.jpg,DIY Flooring & Tile Ideas,Flooring,Ready
67,📐 THE 1-MINUTE CHEAT SHEET: How Many Gallons of Paint For Your Living Room?,"Planning a painting project? 🖌️ Exact Order: 2.5 → 3 Gallons + 1 Primer. 512 Sq Ft Walls - 2 Doors & 2 Windows. Use our free, contractor-verified calculator with real-world material rounding & waste factor formulas. 🛠️ #DIY #Painting #HomeImprovement #CraftCalc #RemodelHacks #BuildingCalculators",https://tool-1-pied.vercel.app/calculators/painting/paint-calculator,https://tool-1-pied.vercel.app/video_pins/video_paint-calculator.mp4,https://tool-1-pied.vercel.app/pins/day04_paint_gallons.jpg,Painting & Wall Decor,Painting,Ready
68,📐 THE 1-MINUTE CHEAT SHEET: Exact Wall Paint Cans Minus Doors & Windows!,"Planning a painting project? 📦 Exact Order: 2 Gallons Eggshell Finish. 480 Gross Sq Ft - 60 Sq Ft Openings = 420 Sq Ft. Use our free, contractor-verified calculator with real-world material rounding & waste factor formulas. 🛠️ #DIY #Painting #HomeImprovement #CraftCalc #RemodelHacks #BuildingCalculators",https://tool-1-pied.vercel.app/calculators/painting/wall-paint-calculator,https://tool-1-pied.vercel.app/video_pins/video_wall-paint-calculator.mp4,https://tool-1-pied.vercel.app/pins/day04_paint_gallons.jpg,Painting & Wall Decor,Painting,Ready
69,📐 THE 1-MINUTE CHEAT SHEET: Flat White Ceiling Paint Textured & Drywall Math,"Planning a painting project? 📦 Order: 2 Gallons Flat Ceiling Paint. 320 Sq Ft Smooth Ceiling Surface. Use our free, contractor-verified calculator with real-world material rounding & waste factor formulas. 🛠️ #DIY #Painting #HomeImprovement #CraftCalc #RemodelHacks #BuildingCalculators",https://tool-1-pied.vercel.app/calculators/painting/ceiling-paint-calculator,https://tool-1-pied.vercel.app/video_pins/video_ceiling-paint-calculator.mp4,https://tool-1-pied.vercel.app/pins/day19_ceiling_paint_sloped.jpg,Painting & Wall Decor,Painting,Ready
70,📐 THE 1-MINUTE CHEAT SHEET: Raw Drywall & Stains: How Much Primer Do You Need?,"Planning a painting project? 📦 Order: 2 Gallons High-Hide PVA Primer. High-Absorption Porous Plaster. Use our free, contractor-verified calculator with real-world material rounding & waste factor formulas. 🛠️ #DIY #Painting #HomeImprovement #CraftCalc #RemodelHacks #BuildingCalculators",https://tool-1-pied.vercel.app/calculators/painting/primer-calculator,https://tool-1-pied.vercel.app/video_pins/video_primer-calculator.mp4,https://tool-1-pied.vercel.app/pins/day25_primer_sealer_paint.jpg,Painting & Wall Decor,Painting,Ready
71,📐 THE 1-MINUTE CHEAT SHEET: 1 Gallon = How Many Sq Ft? Paint Spread Rate Cheat Sheet,"Planning a painting project? 💡 Calculate Exact Coverage in Seconds. Rough Masonry / Stucco: 200 Sq Ft / Gallon. Use our free, contractor-verified calculator with real-world material rounding & waste factor formulas. 🛠️ #DIY #Painting #HomeImprovement #CraftCalc #RemodelHacks #BuildingCalculators",https://tool-1-pied.vercel.app/calculators/painting/paint-coverage-calculator,https://tool-1-pied.vercel.app/video_pins/video_paint-coverage-calculator.mp4,https://tool-1-pied.vercel.app/pins/day04_paint_gallons.jpg,Painting & Wall Decor,Painting,Ready
72,📐 THE 1-MINUTE CHEAT SHEET: How Many Bags Of Concrete For A 10x10 Patio Slab?,"Planning a concrete-masonry project? 🏗️ Exact Order: 59 Bags (80 lb). 100 Sq Ft × 0.33 ft = 1.23 Cubic Yards. Use our free, contractor-verified calculator with real-world material rounding & waste factor formulas. 🛠️ #DIY #Concrete-masonry #HomeImprovement #CraftCalc #RemodelHacks #BuildingCalculators",https://tool-1-pied.vercel.app/calculators/concrete-masonry/concrete-calculator,https://tool-1-pied.vercel.app/video_pins/video_concrete-calculator.mp4,https://tool-1-pied.vercel.app/pins/day05_concrete_yards_bags.jpg,Concrete & Masonry Projects,Concrete-masonry,Ready
73,📐 THE 1-MINUTE CHEAT SHEET: Concrete Slab Yardage Matrix: Volume & Bags Estimator,"Planning a concrete-masonry project? 📦 Exact Order: 6 Cu Yds Ready-Mix. 288 Sq Ft × 0.50 ft = 5.33 Cubic Yards. Use our free, contractor-verified calculator with real-world material rounding & waste factor formulas. 🛠️ #DIY #Concrete-masonry #HomeImprovement #CraftCalc #RemodelHacks #BuildingCalculators",https://tool-1-pied.vercel.app/calculators/concrete-masonry/concrete-slab-calculator,https://tool-1-pied.vercel.app/video_pins/video_concrete-slab-calculator.mp4,https://tool-1-pied.vercel.app/pins/day05_concrete_yards_bags.jpg,Concrete & Masonry Projects,Concrete-masonry,Ready
74,📐 THE 1-MINUTE CHEAT SHEET: How Many Bags Per Yard? Exact Concrete Bag Converter,"Planning a concrete-masonry project? 💡 Instant Conversion Matrix Free. 80 lb Bag = 0.60 Cu Ft | 60 lb Bag = 0.45 Cu Ft. Use our free, contractor-verified calculator with real-world material rounding & waste factor formulas. 🛠️ #DIY #Concrete-masonry #HomeImprovement #CraftCalc #RemodelHacks #BuildingCalculators",https://tool-1-pied.vercel.app/calculators/concrete-masonry/concrete-bags-calculator,https://tool-1-pied.vercel.app/video_pins/video_concrete-bags-calculator.mp4,https://tool-1-pied.vercel.app/pins/day05_concrete_yards_bags.jpg,Concrete & Masonry Projects,Concrete-masonry,Ready
75,📐 THE 1-MINUTE CHEAT SHEET: How Many Standard Bricks For A 10x6 Garden Wall?,"Planning a concrete-masonry project? 📦 Order: 445 Bricks + 6 Bags Mortar. Standard Modular Brick (3/8"" Mortar Joint). Use our free, contractor-verified calculator with real-world material rounding & waste factor formulas. 🛠️ #DIY #Concrete-masonry #HomeImprovement #CraftCalc #RemodelHacks #BuildingCalculators",https://tool-1-pied.vercel.app/calculators/concrete-masonry/brick-calculator,https://tool-1-pied.vercel.app/video_pins/video_brick-calculator.mp4,https://tool-1-pied.vercel.app/pins/day12_brick_mortar_wall.jpg,Concrete & Masonry Projects,Concrete-masonry,Ready
76,📐 THE 1-MINUTE CHEAT SHEET: Exact 8x8x16 Cinder Blocks For Foundations & Retaining Walls,"Planning a concrete-masonry project? 📦 Exact Order: 190 Cinder Blocks. 160 Sq Ft Wall Surface Area. Use our free, contractor-verified calculator with real-world material rounding & waste factor formulas. 🛠️ #DIY #Concrete-masonry #HomeImprovement #CraftCalc #RemodelHacks #BuildingCalculators",https://tool-1-pied.vercel.app/calculators/concrete-masonry/block-calculator,https://tool-1-pied.vercel.app/video_pins/video_block-calculator.mp4,https://tool-1-pied.vercel.app/pins/day16_cinder_block_cmu.jpg,Concrete & Masonry Projects,Concrete-masonry,Ready
77,📐 THE 1-MINUTE CHEAT SHEET: How Many Bags of Mortar For Bricks and Cinder Blocks?,"Planning a concrete-masonry project? 📦 Never Stop Mid-Wall With Dry Mix. Requires 3 Bags Type S Mortar (80 lb each). Use our free, contractor-verified calculator with real-world material rounding & waste factor formulas. 🛠️ #DIY #Concrete-masonry #HomeImprovement #CraftCalc #RemodelHacks #BuildingCalculators",https://tool-1-pied.vercel.app/calculators/concrete-masonry/mortar-calculator,https://tool-1-pied.vercel.app/video_pins/video_mortar-calculator.mp4,https://tool-1-pied.vercel.app/pins/day28_masonry_mortar_mix.jpg,Concrete & Masonry Projects,Concrete-masonry,Ready
78,📐 THE 1-MINUTE CHEAT SHEET: How Many Tons Of Crushed Stone For A 10x20 Driveway?,"Planning a garden project? 🚚 Exact Order: 2.75 Tons Gravel. 200 Sq Ft × 0.25 ft = 50 Cu Ft (1.85 Cu Yds). Use our free, contractor-verified calculator with real-world material rounding & waste factor formulas. 🛠️ #DIY #Garden #HomeImprovement #CraftCalc #RemodelHacks #BuildingCalculators",https://tool-1-pied.vercel.app/calculators/garden/gravel-calculator,https://tool-1-pied.vercel.app/video_pins/video_gravel-calculator.mp4,https://tool-1-pied.vercel.app/pins/day06_gravel_driveway.jpg,Garden & Outdoor Living,Garden,Ready
79,📐 THE 1-MINUTE CHEAT SHEET: Pavers & Base Sand Estimator Avoid Mid-Project Stoppage!,"Planning a garden project? 🔨 Total: 192 Pavers + 3.7 Tons Base Materials. Base: 4"" Gravel Sub-base + 1"" Bedding Sand. Use our free, contractor-verified calculator with real-world material rounding & waste factor formulas. 🛠️ #DIY #Garden #HomeImprovement #CraftCalc #RemodelHacks #BuildingCalculators",https://tool-1-pied.vercel.app/calculators/garden/patio-calculator,https://tool-1-pied.vercel.app/video_pins/video_patio-calculator.mp4,https://tool-1-pied.vercel.app/pins/day07_paver_patio_sand.jpg,Garden & Outdoor Living,Garden,Ready
80,📐 THE 1-MINUTE CHEAT SHEET: How Many Bags or Yards of Mulch For Weed Prevention?,"Planning a garden project? 📦 Exact Order: 4 Yards Bulk or 50 Bags. Recommended Weed Barrier Depth: 3 Inches. Use our free, contractor-verified calculator with real-world material rounding & waste factor formulas. 🛠️ #DIY #Garden #HomeImprovement #CraftCalc #RemodelHacks #BuildingCalculators",https://tool-1-pied.vercel.app/calculators/garden/mulch-calculator,https://tool-1-pied.vercel.app/video_pins/video_mulch-calculator.mp4,https://tool-1-pied.vercel.app/pins/day09_mulch_garden_beds.jpg,Garden & Outdoor Living,Garden,Ready
81,📐 THE 1-MINUTE CHEAT SHEET: Raised Garden Bed Soil Formula: Cubic Feet to Bags Matrix,"Planning a garden project? 🪴 Order: 1.2 Cubic Yards Soil Mix. 32 Cubic Feet Volume Required. Use our free, contractor-verified calculator with real-world material rounding & waste factor formulas. 🛠️ #DIY #Garden #HomeImprovement #CraftCalc #RemodelHacks #BuildingCalculators",https://tool-1-pied.vercel.app/calculators/garden/soil-calculator,https://tool-1-pied.vercel.app/video_pins/video_soil-calculator.mp4,https://tool-1-pied.vercel.app/pins/day23_topsoil_raised_bed.jpg,Garden & Outdoor Living,Garden,Ready
82,"📐 THE 1-MINUTE CHEAT SHEET: How Many Sod Rolls For A 1,500 Sq Ft Lawn?","Planning a garden project? 🌱 Exact Order: 165 Rolls (3.3 Pallets). Standard Sod Roll: 2 ft × 5 ft (10 Sq Ft/Roll). Use our free, contractor-verified calculator with real-world material rounding & waste factor formulas. 🛠️ #DIY #Garden #HomeImprovement #CraftCalc #RemodelHacks #BuildingCalculators",https://tool-1-pied.vercel.app/calculators/garden/turf-calculator,https://tool-1-pied.vercel.app/video_pins/video_turf-calculator.mp4,https://tool-1-pied.vercel.app/pins/day13_sod_turf_lawn.jpg,Garden & Outdoor Living,Garden,Ready
83,"📐 THE 1-MINUTE CHEAT SHEET: Posts, Rails & Pickets Formula For A 100 ft Privacy Fence","Planning a garden project? 🔨 Pickets: 200 Dog-Ear Pickets (5.5"" wide). Post Spacing: 8 ft On-Center. Use our free, contractor-verified calculator with real-world material rounding & waste factor formulas. 🛠️ #DIY #Garden #HomeImprovement #CraftCalc #RemodelHacks #BuildingCalculators",https://tool-1-pied.vercel.app/calculators/garden/fence-calculator,https://tool-1-pied.vercel.app/video_pins/video_fence-calculator.mp4,https://tool-1-pied.vercel.app/pins/day10_wood_fence_materials.jpg,Garden & Outdoor Living,Garden,Ready
84,"📐 THE 1-MINUTE CHEAT SHEET: How To Measure Any Room: L-Shapes, Closets & Complex Walls","Planning a rooms project? 💡 Instant Imperial & Metric Breakdown. Section A (120 sq ft) + Section B (112 sq ft). Use our free, contractor-verified calculator with real-world material rounding & waste factor formulas. 🛠️ #DIY #Rooms #HomeImprovement #CraftCalc #RemodelHacks #BuildingCalculators",https://tool-1-pied.vercel.app/calculators/rooms/room-area-calculator,https://tool-1-pied.vercel.app/video_pins/video_room-area-calculator.mp4,https://tool-1-pied.vercel.app/pins/day08_room_sqft_area.jpg,Smart Home Measurements,Rooms,Ready
85,📐 THE 1-MINUTE CHEAT SHEET: Square Feet to Square Metres: 2-Way Fast Converter,"Planning a rooms project? ⚡ Instant Trade Conversion Free. 1 Sq Metre = 10.764 Square Feet. Use our free, contractor-verified calculator with real-world material rounding & waste factor formulas. 🛠️ #DIY #Rooms #HomeImprovement #CraftCalc #RemodelHacks #BuildingCalculators",https://tool-1-pied.vercel.app/calculators/rooms/square-metres-calculator,https://tool-1-pied.vercel.app/video_pins/video_square-metres-calculator.mp4,https://tool-1-pied.vercel.app/pins/day22_sqft_to_m2_converter.jpg,Smart Home Measurements,Rooms,Ready
86,📐 THE 1-MINUTE CHEAT SHEET: Pattern Repeat & Double Rolls: How Many Wallpaper Rolls?,"Planning a rooms project? 📦 Exact Order: 3 Double Rolls. Pattern Match Repeat: 21 Inches (Drop Match). Use our free, contractor-verified calculator with real-world material rounding & waste factor formulas. 🛠️ #DIY #Rooms #HomeImprovement #CraftCalc #RemodelHacks #BuildingCalculators",https://tool-1-pied.vercel.app/calculators/rooms/wallpaper-calculator,https://tool-1-pied.vercel.app/video_pins/video_wallpaper-calculator.mp4,https://tool-1-pied.vercel.app/pins/day14_wallpaper_repeat_rolls.jpg,Smart Home Measurements,Rooms,Ready
87,"📐 THE 1-MINUTE CHEAT SHEET: Net Wall Area Calculator: Subtracts Doors, Windows & Openings","Planning a rooms project? 📦 Exact Drywall & Paint Quantities. 2 Doors (42 sq ft) + 3 Windows (45 sq ft). Use our free, contractor-verified calculator with real-world material rounding & waste factor formulas. 🛠️ #DIY #Rooms #HomeImprovement #CraftCalc #RemodelHacks #BuildingCalculators",https://tool-1-pied.vercel.app/calculators/rooms/wall-area-calculator,https://tool-1-pied.vercel.app/video_pins/video_wall-area-calculator.mp4,https://tool-1-pied.vercel.app/pins/day15_drywall_wall_area.jpg,Smart Home Measurements,Rooms,Ready
88,📐 THE 1-MINUTE CHEAT SHEET: Skirting Board Perimeter Math With 45° Corner Miter Cuts,"Planning a rooms project? 📦 Exact Order: 5 Pieces (12 ft Lengths). Subtract 2 Door Openings (6 ft Total). Use our free, contractor-verified calculator with real-world material rounding & waste factor formulas. 🛠️ #DIY #Rooms #HomeImprovement #CraftCalc #RemodelHacks #BuildingCalculators",https://tool-1-pied.vercel.app/calculators/rooms/skirting-board-calculator,https://tool-1-pied.vercel.app/video_pins/video_skirting-board-calculator.mp4,https://tool-1-pied.vercel.app/pins/day18_skirting_baseboard_trim.jpg,Smart Home Measurements,Rooms,Ready
89,"📐 THE 1-MINUTE CHEAT SHEET: Contractor Measurement Converter: Feet, Inches, Metres & MM","Planning a conversions project? ⚡ 100% Free Online Trade Tool. 1 Metre = 3.28084 Feet (39.37 Inches). Use our free, contractor-verified calculator with real-world material rounding & waste factor formulas. 🛠️ #DIY #Conversions #HomeImprovement #CraftCalc #RemodelHacks #BuildingCalculators",https://tool-1-pied.vercel.app/calculators/conversions/feet-to-metres,https://tool-1-pied.vercel.app/video_pins/video_feet-to-metres.mp4,https://tool-1-pied.vercel.app/pins/day29_feet_meters_trade_converter.jpg,Smart Home Measurements,Conversions,Ready
90,📐 THE 1-MINUTE CHEAT SHEET: Area Unit Conversion Matrix: Sq Ft to Sq Metres to Acres,"Planning a conversions project? ⚡ Instant Free Calculations. 1,000 Sq Ft = 92.90 m² | 1 Acre = 43,560 Sq Ft. Use our free, contractor-verified calculator with real-world material rounding & waste factor formulas. 🛠️ #DIY #Conversions #HomeImprovement #CraftCalc #RemodelHacks #BuildingCalculators",https://tool-1-pied.vercel.app/calculators/conversions/square-feet-to-m2,https://tool-1-pied.vercel.app/video_pins/video_square-feet-to-m2.mp4,https://tool-1-pied.vercel.app/pins/day22_sqft_to_m2_converter.jpg,Smart Home Measurements,Conversions,Ready
91,💡 SMART HOMEOWNER HACK: How Many Boxes Of Flooring Do You REALLY Need?,"Planning a flooring project? 📦 Exact Order: 9 Full Boxes (Zero Shortage). 12 ft × 15 ft = 180 Sq Ft (8.1 Boxes). Use our free, contractor-verified calculator with real-world material rounding & waste factor formulas. 🛠️ #DIY #Flooring #HomeImprovement #CraftCalc #RemodelHacks #BuildingCalculators",https://tool-1-pied.vercel.app/calculators/flooring/flooring-calculator,https://tool-1-pied.vercel.app/video_pins/video_flooring-calculator.mp4,https://tool-1-pied.vercel.app/pins/day01_flooring_boxes.jpg,DIY Flooring & Tile Ideas,Flooring,Ready
92,💡 SMART HOMEOWNER HACK: Stop Buying The Wrong Number of Tiles & Grout!,"Planning a flooring project? 📦 Order: 35 Tiles + 1 Bag Mortar. 60 Sq Ft Backsplash with 12x24 Tiles. Use our free, contractor-verified calculator with real-world material rounding & waste factor formulas. 🛠️ #DIY #Flooring #HomeImprovement #CraftCalc #RemodelHacks #BuildingCalculators",https://tool-1-pied.vercel.app/calculators/flooring/tile-calculator,https://tool-1-pied.vercel.app/video_pins/video_tile-calculator.mp4,https://tool-1-pied.vercel.app/pins/day02_tile_grout_mortar.jpg,Bathroom & Kitchen Tiling,Flooring,Ready
93,"💡 SMART HOMEOWNER HACK: Laminate Planks & Foam Roll Formula with 3/8"" Gap","Planning a flooring project? 📦 Exact Order: 15 Packs + 4 Underlayment Rolls. 320 Sq Ft Area (Requires Underlayment). Use our free, contractor-verified calculator with real-world material rounding & waste factor formulas. 🛠️ #DIY #Flooring #HomeImprovement #CraftCalc #RemodelHacks #BuildingCalculators",https://tool-1-pied.vercel.app/calculators/flooring/laminate-calculator,https://tool-1-pied.vercel.app/video_pins/video_laminate-calculator.mp4,https://tool-1-pied.vercel.app/pins/day03_laminate_underlayment.jpg,Laminate & Vinyl,Flooring,Ready
94,💡 SMART HOMEOWNER HACK: Exact LVP Cartons Needed With Click-Lock Overlap,"Planning a flooring project? 📦 Exact Order: 14 Whole Cartons. Plank Size: 7"" × 48"" (2.33 Sq Ft/Plank). Use our free, contractor-verified calculator with real-world material rounding & waste factor formulas. 🛠️ #DIY #Flooring #HomeImprovement #CraftCalc #RemodelHacks #BuildingCalculators",https://tool-1-pied.vercel.app/calculators/flooring/vinyl-flooring-calculator,https://tool-1-pied.vercel.app/video_pins/video_vinyl-flooring-calculator.mp4,https://tool-1-pied.vercel.app/pins/day11_vinyl_plank_lvp.jpg,DIY Flooring & Tile Ideas,Flooring,Ready
95,💡 SMART HOMEOWNER HACK: Square Feet to Square Yards Carpet Roll Calculator,"Planning a flooring project? 📦 Order: 30 Sq Yds Carpet + 30 Yds Pad. Standard Roll Width: 12 ft Seamless. Use our free, contractor-verified calculator with real-world material rounding & waste factor formulas. 🛠️ #DIY #Flooring #HomeImprovement #CraftCalc #RemodelHacks #BuildingCalculators",https://tool-1-pied.vercel.app/calculators/flooring/carpet-calculator,https://tool-1-pied.vercel.app/video_pins/video_carpet-calculator.mp4,https://tool-1-pied.vercel.app/pins/day17_carpet_square_yards.jpg,DIY Flooring & Tile Ideas,Flooring,Ready
96,💡 SMART HOMEOWNER HACK: Straight vs Diagonal Flooring Exact Waste Percentage Cheat Sheet,"Planning a flooring project? 💡 Never Stop Mid-Project With Shortages. Diagonal / Herringbone: 15-20% Buffer. Use our free, contractor-verified calculator with real-world material rounding & waste factor formulas. 🛠️ #DIY #Flooring #HomeImprovement #CraftCalc #RemodelHacks #BuildingCalculators",https://tool-1-pied.vercel.app/calculators/flooring/flooring-waste-calculator,https://tool-1-pied.vercel.app/video_pins/video_flooring-waste-calculator.mp4,https://tool-1-pied.vercel.app/pins/day20_flooring_waste_guide.jpg,DIY Flooring & Tile Ideas,Flooring,Ready
97,💡 SMART HOMEOWNER HACK: How Many Gallons of Paint For Your Living Room?,"Planning a painting project? 🖌️ Exact Order: 2.5 → 3 Gallons + 1 Primer. 512 Sq Ft Walls - 2 Doors & 2 Windows. Use our free, contractor-verified calculator with real-world material rounding & waste factor formulas. 🛠️ #DIY #Painting #HomeImprovement #CraftCalc #RemodelHacks #BuildingCalculators",https://tool-1-pied.vercel.app/calculators/painting/paint-calculator,https://tool-1-pied.vercel.app/video_pins/video_paint-calculator.mp4,https://tool-1-pied.vercel.app/pins/day04_paint_gallons.jpg,Painting & Wall Decor,Painting,Ready
98,💡 SMART HOMEOWNER HACK: Exact Wall Paint Cans Minus Doors & Windows!,"Planning a painting project? 📦 Exact Order: 2 Gallons Eggshell Finish. 480 Gross Sq Ft - 60 Sq Ft Openings = 420 Sq Ft. Use our free, contractor-verified calculator with real-world material rounding & waste factor formulas. 🛠️ #DIY #Painting #HomeImprovement #CraftCalc #RemodelHacks #BuildingCalculators",https://tool-1-pied.vercel.app/calculators/painting/wall-paint-calculator,https://tool-1-pied.vercel.app/video_pins/video_wall-paint-calculator.mp4,https://tool-1-pied.vercel.app/pins/day04_paint_gallons.jpg,Painting & Wall Decor,Painting,Ready
99,💡 SMART HOMEOWNER HACK: Flat White Ceiling Paint Textured & Drywall Math,"Planning a painting project? 📦 Order: 2 Gallons Flat Ceiling Paint. 320 Sq Ft Smooth Ceiling Surface. Use our free, contractor-verified calculator with real-world material rounding & waste factor formulas. 🛠️ #DIY #Painting #HomeImprovement #CraftCalc #RemodelHacks #BuildingCalculators",https://tool-1-pied.vercel.app/calculators/painting/ceiling-paint-calculator,https://tool-1-pied.vercel.app/video_pins/video_ceiling-paint-calculator.mp4,https://tool-1-pied.vercel.app/pins/day19_ceiling_paint_sloped.jpg,Painting & Wall Decor,Painting,Ready
100,💡 SMART HOMEOWNER HACK: Raw Drywall & Stains: How Much Primer Do You Need?,"Planning a painting project? 📦 Order: 2 Gallons High-Hide PVA Primer. High-Absorption Porous Plaster. Use our free, contractor-verified calculator with real-world material rounding & waste factor formulas. 🛠️ #DIY #Painting #HomeImprovement #CraftCalc #RemodelHacks #BuildingCalculators",https://tool-1-pied.vercel.app/calculators/painting/primer-calculator,https://tool-1-pied.vercel.app/video_pins/video_primer-calculator.mp4,https://tool-1-pied.vercel.app/pins/day25_primer_sealer_paint.jpg,Painting & Wall Decor,Painting,Ready
101,💡 SMART HOMEOWNER HACK: 1 Gallon = How Many Sq Ft? Paint Spread Rate Cheat Sheet,"Planning a painting project? 💡 Calculate Exact Coverage in Seconds. Rough Masonry / Stucco: 200 Sq Ft / Gallon. Use our free, contractor-verified calculator with real-world material rounding & waste factor formulas. 🛠️ #DIY #Painting #HomeImprovement #CraftCalc #RemodelHacks #BuildingCalculators",https://tool-1-pied.vercel.app/calculators/painting/paint-coverage-calculator,https://tool-1-pied.vercel.app/video_pins/video_paint-coverage-calculator.mp4,https://tool-1-pied.vercel.app/pins/day04_paint_gallons.jpg,Painting & Wall Decor,Painting,Ready
102,💡 SMART HOMEOWNER HACK: How Many Bags Of Concrete For A 10x10 Patio Slab?,"Planning a concrete-masonry project? 🏗️ Exact Order: 59 Bags (80 lb). 100 Sq Ft × 0.33 ft = 1.23 Cubic Yards. Use our free, contractor-verified calculator with real-world material rounding & waste factor formulas. 🛠️ #DIY #Concrete-masonry #HomeImprovement #CraftCalc #RemodelHacks #BuildingCalculators",https://tool-1-pied.vercel.app/calculators/concrete-masonry/concrete-calculator,https://tool-1-pied.vercel.app/video_pins/video_concrete-calculator.mp4,https://tool-1-pied.vercel.app/pins/day05_concrete_yards_bags.jpg,Concrete & Masonry Projects,Concrete-masonry,Ready
103,💡 SMART HOMEOWNER HACK: Concrete Slab Yardage Matrix: Volume & Bags Estimator,"Planning a concrete-masonry project? 📦 Exact Order: 6 Cu Yds Ready-Mix. 288 Sq Ft × 0.50 ft = 5.33 Cubic Yards. Use our free, contractor-verified calculator with real-world material rounding & waste factor formulas. 🛠️ #DIY #Concrete-masonry #HomeImprovement #CraftCalc #RemodelHacks #BuildingCalculators",https://tool-1-pied.vercel.app/calculators/concrete-masonry/concrete-slab-calculator,https://tool-1-pied.vercel.app/video_pins/video_concrete-slab-calculator.mp4,https://tool-1-pied.vercel.app/pins/day05_concrete_yards_bags.jpg,Concrete & Masonry Projects,Concrete-masonry,Ready
104,💡 SMART HOMEOWNER HACK: How Many Bags Per Yard? Exact Concrete Bag Converter,"Planning a concrete-masonry project? 💡 Instant Conversion Matrix Free. 80 lb Bag = 0.60 Cu Ft | 60 lb Bag = 0.45 Cu Ft. Use our free, contractor-verified calculator with real-world material rounding & waste factor formulas. 🛠️ #DIY #Concrete-masonry #HomeImprovement #CraftCalc #RemodelHacks #BuildingCalculators",https://tool-1-pied.vercel.app/calculators/concrete-masonry/concrete-bags-calculator,https://tool-1-pied.vercel.app/video_pins/video_concrete-bags-calculator.mp4,https://tool-1-pied.vercel.app/pins/day05_concrete_yards_bags.jpg,Concrete & Masonry Projects,Concrete-masonry,Ready
105,💡 SMART HOMEOWNER HACK: How Many Standard Bricks For A 10x6 Garden Wall?,"Planning a concrete-masonry project? 📦 Order: 445 Bricks + 6 Bags Mortar. Standard Modular Brick (3/8"" Mortar Joint). Use our free, contractor-verified calculator with real-world material rounding & waste factor formulas. 🛠️ #DIY #Concrete-masonry #HomeImprovement #CraftCalc #RemodelHacks #BuildingCalculators",https://tool-1-pied.vercel.app/calculators/concrete-masonry/brick-calculator,https://tool-1-pied.vercel.app/video_pins/video_brick-calculator.mp4,https://tool-1-pied.vercel.app/pins/day12_brick_mortar_wall.jpg,Concrete & Masonry Projects,Concrete-masonry,Ready
106,💡 SMART HOMEOWNER HACK: Exact 8x8x16 Cinder Blocks For Foundations & Retaining Walls,"Planning a concrete-masonry project? 📦 Exact Order: 190 Cinder Blocks. 160 Sq Ft Wall Surface Area. Use our free, contractor-verified calculator with real-world material rounding & waste factor formulas. 🛠️ #DIY #Concrete-masonry #HomeImprovement #CraftCalc #RemodelHacks #BuildingCalculators",https://tool-1-pied.vercel.app/calculators/concrete-masonry/block-calculator,https://tool-1-pied.vercel.app/video_pins/video_block-calculator.mp4,https://tool-1-pied.vercel.app/pins/day16_cinder_block_cmu.jpg,Concrete & Masonry Projects,Concrete-masonry,Ready
107,💡 SMART HOMEOWNER HACK: How Many Bags of Mortar For Bricks and Cinder Blocks?,"Planning a concrete-masonry project? 📦 Never Stop Mid-Wall With Dry Mix. Requires 3 Bags Type S Mortar (80 lb each). Use our free, contractor-verified calculator with real-world material rounding & waste factor formulas. 🛠️ #DIY #Concrete-masonry #HomeImprovement #CraftCalc #RemodelHacks #BuildingCalculators",https://tool-1-pied.vercel.app/calculators/concrete-masonry/mortar-calculator,https://tool-1-pied.vercel.app/video_pins/video_mortar-calculator.mp4,https://tool-1-pied.vercel.app/pins/day28_masonry_mortar_mix.jpg,Concrete & Masonry Projects,Concrete-masonry,Ready
108,💡 SMART HOMEOWNER HACK: How Many Tons Of Crushed Stone For A 10x20 Driveway?,"Planning a garden project? 🚚 Exact Order: 2.75 Tons Gravel. 200 Sq Ft × 0.25 ft = 50 Cu Ft (1.85 Cu Yds). Use our free, contractor-verified calculator with real-world material rounding & waste factor formulas. 🛠️ #DIY #Garden #HomeImprovement #CraftCalc #RemodelHacks #BuildingCalculators",https://tool-1-pied.vercel.app/calculators/garden/gravel-calculator,https://tool-1-pied.vercel.app/video_pins/video_gravel-calculator.mp4,https://tool-1-pied.vercel.app/pins/day06_gravel_driveway.jpg,Garden & Outdoor Living,Garden,Ready
109,💡 SMART HOMEOWNER HACK: Pavers & Base Sand Estimator Avoid Mid-Project Stoppage!,"Planning a garden project? 🔨 Total: 192 Pavers + 3.7 Tons Base Materials. Base: 4"" Gravel Sub-base + 1"" Bedding Sand. Use our free, contractor-verified calculator with real-world material rounding & waste factor formulas. 🛠️ #DIY #Garden #HomeImprovement #CraftCalc #RemodelHacks #BuildingCalculators",https://tool-1-pied.vercel.app/calculators/garden/patio-calculator,https://tool-1-pied.vercel.app/video_pins/video_patio-calculator.mp4,https://tool-1-pied.vercel.app/pins/day07_paver_patio_sand.jpg,Garden & Outdoor Living,Garden,Ready
110,💡 SMART HOMEOWNER HACK: How Many Bags or Yards of Mulch For Weed Prevention?,"Planning a garden project? 📦 Exact Order: 4 Yards Bulk or 50 Bags. Recommended Weed Barrier Depth: 3 Inches. Use our free, contractor-verified calculator with real-world material rounding & waste factor formulas. 🛠️ #DIY #Garden #HomeImprovement #CraftCalc #RemodelHacks #BuildingCalculators",https://tool-1-pied.vercel.app/calculators/garden/mulch-calculator,https://tool-1-pied.vercel.app/video_pins/video_mulch-calculator.mp4,https://tool-1-pied.vercel.app/pins/day09_mulch_garden_beds.jpg,Garden & Outdoor Living,Garden,Ready
111,💡 SMART HOMEOWNER HACK: Raised Garden Bed Soil Formula: Cubic Feet to Bags Matrix,"Planning a garden project? 🪴 Order: 1.2 Cubic Yards Soil Mix. 32 Cubic Feet Volume Required. Use our free, contractor-verified calculator with real-world material rounding & waste factor formulas. 🛠️ #DIY #Garden #HomeImprovement #CraftCalc #RemodelHacks #BuildingCalculators",https://tool-1-pied.vercel.app/calculators/garden/soil-calculator,https://tool-1-pied.vercel.app/video_pins/video_soil-calculator.mp4,https://tool-1-pied.vercel.app/pins/day23_topsoil_raised_bed.jpg,Garden & Outdoor Living,Garden,Ready
112,"💡 SMART HOMEOWNER HACK: How Many Sod Rolls For A 1,500 Sq Ft Lawn?","Planning a garden project? 🌱 Exact Order: 165 Rolls (3.3 Pallets). Standard Sod Roll: 2 ft × 5 ft (10 Sq Ft/Roll). Use our free, contractor-verified calculator with real-world material rounding & waste factor formulas. 🛠️ #DIY #Garden #HomeImprovement #CraftCalc #RemodelHacks #BuildingCalculators",https://tool-1-pied.vercel.app/calculators/garden/turf-calculator,https://tool-1-pied.vercel.app/video_pins/video_turf-calculator.mp4,https://tool-1-pied.vercel.app/pins/day13_sod_turf_lawn.jpg,Garden & Outdoor Living,Garden,Ready
113,"💡 SMART HOMEOWNER HACK: Posts, Rails & Pickets Formula For A 100 ft Privacy Fence","Planning a garden project? 🔨 Pickets: 200 Dog-Ear Pickets (5.5"" wide). Post Spacing: 8 ft On-Center. Use our free, contractor-verified calculator with real-world material rounding & waste factor formulas. 🛠️ #DIY #Garden #HomeImprovement #CraftCalc #RemodelHacks #BuildingCalculators",https://tool-1-pied.vercel.app/calculators/garden/fence-calculator,https://tool-1-pied.vercel.app/video_pins/video_fence-calculator.mp4,https://tool-1-pied.vercel.app/pins/day10_wood_fence_materials.jpg,Garden & Outdoor Living,Garden,Ready
114,"💡 SMART HOMEOWNER HACK: How To Measure Any Room: L-Shapes, Closets & Complex Walls","Planning a rooms project? 💡 Instant Imperial & Metric Breakdown. Section A (120 sq ft) + Section B (112 sq ft). Use our free, contractor-verified calculator with real-world material rounding & waste factor formulas. 🛠️ #DIY #Rooms #HomeImprovement #CraftCalc #RemodelHacks #BuildingCalculators",https://tool-1-pied.vercel.app/calculators/rooms/room-area-calculator,https://tool-1-pied.vercel.app/video_pins/video_room-area-calculator.mp4,https://tool-1-pied.vercel.app/pins/day08_room_sqft_area.jpg,Smart Home Measurements,Rooms,Ready
115,💡 SMART HOMEOWNER HACK: Square Feet to Square Metres: 2-Way Fast Converter,"Planning a rooms project? ⚡ Instant Trade Conversion Free. 1 Sq Metre = 10.764 Square Feet. Use our free, contractor-verified calculator with real-world material rounding & waste factor formulas. 🛠️ #DIY #Rooms #HomeImprovement #CraftCalc #RemodelHacks #BuildingCalculators",https://tool-1-pied.vercel.app/calculators/rooms/square-metres-calculator,https://tool-1-pied.vercel.app/video_pins/video_square-metres-calculator.mp4,https://tool-1-pied.vercel.app/pins/day22_sqft_to_m2_converter.jpg,Smart Home Measurements,Rooms,Ready
116,💡 SMART HOMEOWNER HACK: Pattern Repeat & Double Rolls: How Many Wallpaper Rolls?,"Planning a rooms project? 📦 Exact Order: 3 Double Rolls. Pattern Match Repeat: 21 Inches (Drop Match). Use our free, contractor-verified calculator with real-world material rounding & waste factor formulas. 🛠️ #DIY #Rooms #HomeImprovement #CraftCalc #RemodelHacks #BuildingCalculators",https://tool-1-pied.vercel.app/calculators/rooms/wallpaper-calculator,https://tool-1-pied.vercel.app/video_pins/video_wallpaper-calculator.mp4,https://tool-1-pied.vercel.app/pins/day14_wallpaper_repeat_rolls.jpg,Smart Home Measurements,Rooms,Ready
117,"💡 SMART HOMEOWNER HACK: Net Wall Area Calculator: Subtracts Doors, Windows & Openings","Planning a rooms project? 📦 Exact Drywall & Paint Quantities. 2 Doors (42 sq ft) + 3 Windows (45 sq ft). Use our free, contractor-verified calculator with real-world material rounding & waste factor formulas. 🛠️ #DIY #Rooms #HomeImprovement #CraftCalc #RemodelHacks #BuildingCalculators",https://tool-1-pied.vercel.app/calculators/rooms/wall-area-calculator,https://tool-1-pied.vercel.app/video_pins/video_wall-area-calculator.mp4,https://tool-1-pied.vercel.app/pins/day15_drywall_wall_area.jpg,Smart Home Measurements,Rooms,Ready
118,💡 SMART HOMEOWNER HACK: Skirting Board Perimeter Math With 45° Corner Miter Cuts,"Planning a rooms project? 📦 Exact Order: 5 Pieces (12 ft Lengths). Subtract 2 Door Openings (6 ft Total). Use our free, contractor-verified calculator with real-world material rounding & waste factor formulas. 🛠️ #DIY #Rooms #HomeImprovement #CraftCalc #RemodelHacks #BuildingCalculators",https://tool-1-pied.vercel.app/calculators/rooms/skirting-board-calculator,https://tool-1-pied.vercel.app/video_pins/video_skirting-board-calculator.mp4,https://tool-1-pied.vercel.app/pins/day18_skirting_baseboard_trim.jpg,Smart Home Measurements,Rooms,Ready
119,"💡 SMART HOMEOWNER HACK: Contractor Measurement Converter: Feet, Inches, Metres & MM","Planning a conversions project? ⚡ 100% Free Online Trade Tool. 1 Metre = 3.28084 Feet (39.37 Inches). Use our free, contractor-verified calculator with real-world material rounding & waste factor formulas. 🛠️ #DIY #Conversions #HomeImprovement #CraftCalc #RemodelHacks #BuildingCalculators",https://tool-1-pied.vercel.app/calculators/conversions/feet-to-metres,https://tool-1-pied.vercel.app/video_pins/video_feet-to-metres.mp4,https://tool-1-pied.vercel.app/pins/day29_feet_meters_trade_converter.jpg,Smart Home Measurements,Conversions,Ready
120,💡 SMART HOMEOWNER HACK: Area Unit Conversion Matrix: Sq Ft to Sq Metres to Acres,"Planning a conversions project? ⚡ Instant Free Calculations. 1,000 Sq Ft = 92.90 m² | 1 Acre = 43,560 Sq Ft. Use our free, contractor-verified calculator with real-world material rounding & waste factor formulas. 🛠️ #DIY #Conversions #HomeImprovement #CraftCalc #RemodelHacks #BuildingCalculators",https://tool-1-pied.vercel.app/calculators/conversions/square-feet-to-m2,https://tool-1-pied.vercel.app/video_pins/video_square-feet-to-m2.mp4,https://tool-1-pied.vercel.app/pins/day22_sqft_to_m2_converter.jpg,Smart Home Measurements,Conversions,Ready
121,🛠️ STOP OVERPAYING FOR MATERIALS: How Many Boxes Of Flooring Do You REALLY Need?,"Planning a flooring project? 📦 Exact Order: 9 Full Boxes (Zero Shortage). 12 ft × 15 ft = 180 Sq Ft (8.1 Boxes). Use our free, contractor-verified calculator with real-world material rounding & waste factor formulas. 🛠️ #DIY #Flooring #HomeImprovement #CraftCalc #RemodelHacks #BuildingCalculators",https://tool-1-pied.vercel.app/calculators/flooring/flooring-calculator,https://tool-1-pied.vercel.app/video_pins/video_flooring-calculator.mp4,https://tool-1-pied.vercel.app/pins/day01_flooring_boxes.jpg,DIY Flooring & Tile Ideas,Flooring,Ready
122,🛠️ STOP OVERPAYING FOR MATERIALS: Stop Buying The Wrong Number of Tiles & Grout!,"Planning a flooring project? 📦 Order: 35 Tiles + 1 Bag Mortar. 60 Sq Ft Backsplash with 12x24 Tiles. Use our free, contractor-verified calculator with real-world material rounding & waste factor formulas. 🛠️ #DIY #Flooring #HomeImprovement #CraftCalc #RemodelHacks #BuildingCalculators",https://tool-1-pied.vercel.app/calculators/flooring/tile-calculator,https://tool-1-pied.vercel.app/video_pins/video_tile-calculator.mp4,https://tool-1-pied.vercel.app/pins/day02_tile_grout_mortar.jpg,Bathroom & Kitchen Tiling,Flooring,Ready
123,"🛠️ STOP OVERPAYING FOR MATERIALS: Laminate Planks & Foam Roll Formula with 3/8"" Gap","Planning a flooring project? 📦 Exact Order: 15 Packs + 4 Underlayment Rolls. 320 Sq Ft Area (Requires Underlayment). Use our free, contractor-verified calculator with real-world material rounding & waste factor formulas. 🛠️ #DIY #Flooring #HomeImprovement #CraftCalc #RemodelHacks #BuildingCalculators",https://tool-1-pied.vercel.app/calculators/flooring/laminate-calculator,https://tool-1-pied.vercel.app/video_pins/video_laminate-calculator.mp4,https://tool-1-pied.vercel.app/pins/day03_laminate_underlayment.jpg,Laminate & Vinyl,Flooring,Ready
124,🛠️ STOP OVERPAYING FOR MATERIALS: Exact LVP Cartons Needed With Click-Lock Overlap,"Planning a flooring project? 📦 Exact Order: 14 Whole Cartons. Plank Size: 7"" × 48"" (2.33 Sq Ft/Plank). Use our free, contractor-verified calculator with real-world material rounding & waste factor formulas. 🛠️ #DIY #Flooring #HomeImprovement #CraftCalc #RemodelHacks #BuildingCalculators",https://tool-1-pied.vercel.app/calculators/flooring/vinyl-flooring-calculator,https://tool-1-pied.vercel.app/video_pins/video_vinyl-flooring-calculator.mp4,https://tool-1-pied.vercel.app/pins/day11_vinyl_plank_lvp.jpg,DIY Flooring & Tile Ideas,Flooring,Ready
125,🛠️ STOP OVERPAYING FOR MATERIALS: Square Feet to Square Yards Carpet Roll Calculator,"Planning a flooring project? 📦 Order: 30 Sq Yds Carpet + 30 Yds Pad. Standard Roll Width: 12 ft Seamless. Use our free, contractor-verified calculator with real-world material rounding & waste factor formulas. 🛠️ #DIY #Flooring #HomeImprovement #CraftCalc #RemodelHacks #BuildingCalculators",https://tool-1-pied.vercel.app/calculators/flooring/carpet-calculator,https://tool-1-pied.vercel.app/video_pins/video_carpet-calculator.mp4,https://tool-1-pied.vercel.app/pins/day17_carpet_square_yards.jpg,DIY Flooring & Tile Ideas,Flooring,Ready
126,🛠️ STOP OVERPAYING FOR MATERIALS: Straight vs Diagonal Flooring Exact Waste Percentage Cheat Sh...,"Planning a flooring project? 💡 Never Stop Mid-Project With Shortages. Diagonal / Herringbone: 15-20% Buffer. Use our free, contractor-verified calculator with real-world material rounding & waste factor formulas. 🛠️ #DIY #Flooring #HomeImprovement #CraftCalc #RemodelHacks #BuildingCalculators",https://tool-1-pied.vercel.app/calculators/flooring/flooring-waste-calculator,https://tool-1-pied.vercel.app/video_pins/video_flooring-waste-calculator.mp4,https://tool-1-pied.vercel.app/pins/day20_flooring_waste_guide.jpg,DIY Flooring & Tile Ideas,Flooring,Ready
127,🛠️ STOP OVERPAYING FOR MATERIALS: How Many Gallons of Paint For Your Living Room?,"Planning a painting project? 🖌️ Exact Order: 2.5 → 3 Gallons + 1 Primer. 512 Sq Ft Walls - 2 Doors & 2 Windows. Use our free, contractor-verified calculator with real-world material rounding & waste factor formulas. 🛠️ #DIY #Painting #HomeImprovement #CraftCalc #RemodelHacks #BuildingCalculators",https://tool-1-pied.vercel.app/calculators/painting/paint-calculator,https://tool-1-pied.vercel.app/video_pins/video_paint-calculator.mp4,https://tool-1-pied.vercel.app/pins/day04_paint_gallons.jpg,Painting & Wall Decor,Painting,Ready
128,🛠️ STOP OVERPAYING FOR MATERIALS: Exact Wall Paint Cans Minus Doors & Windows!,"Planning a painting project? 📦 Exact Order: 2 Gallons Eggshell Finish. 480 Gross Sq Ft - 60 Sq Ft Openings = 420 Sq Ft. Use our free, contractor-verified calculator with real-world material rounding & waste factor formulas. 🛠️ #DIY #Painting #HomeImprovement #CraftCalc #RemodelHacks #BuildingCalculators",https://tool-1-pied.vercel.app/calculators/painting/wall-paint-calculator,https://tool-1-pied.vercel.app/video_pins/video_wall-paint-calculator.mp4,https://tool-1-pied.vercel.app/pins/day04_paint_gallons.jpg,Painting & Wall Decor,Painting,Ready
129,🛠️ STOP OVERPAYING FOR MATERIALS: Flat White Ceiling Paint Textured & Drywall Math,"Planning a painting project? 📦 Order: 2 Gallons Flat Ceiling Paint. 320 Sq Ft Smooth Ceiling Surface. Use our free, contractor-verified calculator with real-world material rounding & waste factor formulas. 🛠️ #DIY #Painting #HomeImprovement #CraftCalc #RemodelHacks #BuildingCalculators",https://tool-1-pied.vercel.app/calculators/painting/ceiling-paint-calculator,https://tool-1-pied.vercel.app/video_pins/video_ceiling-paint-calculator.mp4,https://tool-1-pied.vercel.app/pins/day19_ceiling_paint_sloped.jpg,Painting & Wall Decor,Painting,Ready
130,🛠️ STOP OVERPAYING FOR MATERIALS: Raw Drywall & Stains: How Much Primer Do You Need?,"Planning a painting project? 📦 Order: 2 Gallons High-Hide PVA Primer. High-Absorption Porous Plaster. Use our free, contractor-verified calculator with real-world material rounding & waste factor formulas. 🛠️ #DIY #Painting #HomeImprovement #CraftCalc #RemodelHacks #BuildingCalculators",https://tool-1-pied.vercel.app/calculators/painting/primer-calculator,https://tool-1-pied.vercel.app/video_pins/video_primer-calculator.mp4,https://tool-1-pied.vercel.app/pins/day25_primer_sealer_paint.jpg,Painting & Wall Decor,Painting,Ready
131,🛠️ STOP OVERPAYING FOR MATERIALS: 1 Gallon = How Many Sq Ft? Paint Spread Rate Cheat Sheet,"Planning a painting project? 💡 Calculate Exact Coverage in Seconds. Rough Masonry / Stucco: 200 Sq Ft / Gallon. Use our free, contractor-verified calculator with real-world material rounding & waste factor formulas. 🛠️ #DIY #Painting #HomeImprovement #CraftCalc #RemodelHacks #BuildingCalculators",https://tool-1-pied.vercel.app/calculators/painting/paint-coverage-calculator,https://tool-1-pied.vercel.app/video_pins/video_paint-coverage-calculator.mp4,https://tool-1-pied.vercel.app/pins/day04_paint_gallons.jpg,Painting & Wall Decor,Painting,Ready
132,🛠️ STOP OVERPAYING FOR MATERIALS: How Many Bags Of Concrete For A 10x10 Patio Slab?,"Planning a concrete-masonry project? 🏗️ Exact Order: 59 Bags (80 lb). 100 Sq Ft × 0.33 ft = 1.23 Cubic Yards. Use our free, contractor-verified calculator with real-world material rounding & waste factor formulas. 🛠️ #DIY #Concrete-masonry #HomeImprovement #CraftCalc #RemodelHacks #BuildingCalculators",https://tool-1-pied.vercel.app/calculators/concrete-masonry/concrete-calculator,https://tool-1-pied.vercel.app/video_pins/video_concrete-calculator.mp4,https://tool-1-pied.vercel.app/pins/day05_concrete_yards_bags.jpg,Concrete & Masonry Projects,Concrete-masonry,Ready
133,🛠️ STOP OVERPAYING FOR MATERIALS: Concrete Slab Yardage Matrix: Volume & Bags Estimator,"Planning a concrete-masonry project? 📦 Exact Order: 6 Cu Yds Ready-Mix. 288 Sq Ft × 0.50 ft = 5.33 Cubic Yards. Use our free, contractor-verified calculator with real-world material rounding & waste factor formulas. 🛠️ #DIY #Concrete-masonry #HomeImprovement #CraftCalc #RemodelHacks #BuildingCalculators",https://tool-1-pied.vercel.app/calculators/concrete-masonry/concrete-slab-calculator,https://tool-1-pied.vercel.app/video_pins/video_concrete-slab-calculator.mp4,https://tool-1-pied.vercel.app/pins/day05_concrete_yards_bags.jpg,Concrete & Masonry Projects,Concrete-masonry,Ready
134,🛠️ STOP OVERPAYING FOR MATERIALS: How Many Bags Per Yard? Exact Concrete Bag Converter,"Planning a concrete-masonry project? 💡 Instant Conversion Matrix Free. 80 lb Bag = 0.60 Cu Ft | 60 lb Bag = 0.45 Cu Ft. Use our free, contractor-verified calculator with real-world material rounding & waste factor formulas. 🛠️ #DIY #Concrete-masonry #HomeImprovement #CraftCalc #RemodelHacks #BuildingCalculators",https://tool-1-pied.vercel.app/calculators/concrete-masonry/concrete-bags-calculator,https://tool-1-pied.vercel.app/video_pins/video_concrete-bags-calculator.mp4,https://tool-1-pied.vercel.app/pins/day05_concrete_yards_bags.jpg,Concrete & Masonry Projects,Concrete-masonry,Ready
135,🛠️ STOP OVERPAYING FOR MATERIALS: How Many Standard Bricks For A 10x6 Garden Wall?,"Planning a concrete-masonry project? 📦 Order: 445 Bricks + 6 Bags Mortar. Standard Modular Brick (3/8"" Mortar Joint). Use our free, contractor-verified calculator with real-world material rounding & waste factor formulas. 🛠️ #DIY #Concrete-masonry #HomeImprovement #CraftCalc #RemodelHacks #BuildingCalculators",https://tool-1-pied.vercel.app/calculators/concrete-masonry/brick-calculator,https://tool-1-pied.vercel.app/video_pins/video_brick-calculator.mp4,https://tool-1-pied.vercel.app/pins/day12_brick_mortar_wall.jpg,Concrete & Masonry Projects,Concrete-masonry,Ready
136,🛠️ STOP OVERPAYING FOR MATERIALS: Exact 8x8x16 Cinder Blocks For Foundations & Retaining Walls,"Planning a concrete-masonry project? 📦 Exact Order: 190 Cinder Blocks. 160 Sq Ft Wall Surface Area. Use our free, contractor-verified calculator with real-world material rounding & waste factor formulas. 🛠️ #DIY #Concrete-masonry #HomeImprovement #CraftCalc #RemodelHacks #BuildingCalculators",https://tool-1-pied.vercel.app/calculators/concrete-masonry/block-calculator,https://tool-1-pied.vercel.app/video_pins/video_block-calculator.mp4,https://tool-1-pied.vercel.app/pins/day16_cinder_block_cmu.jpg,Concrete & Masonry Projects,Concrete-masonry,Ready
137,🛠️ STOP OVERPAYING FOR MATERIALS: How Many Bags of Mortar For Bricks and Cinder Blocks?,"Planning a concrete-masonry project? 📦 Never Stop Mid-Wall With Dry Mix. Requires 3 Bags Type S Mortar (80 lb each). Use our free, contractor-verified calculator with real-world material rounding & waste factor formulas. 🛠️ #DIY #Concrete-masonry #HomeImprovement #CraftCalc #RemodelHacks #BuildingCalculators",https://tool-1-pied.vercel.app/calculators/concrete-masonry/mortar-calculator,https://tool-1-pied.vercel.app/video_pins/video_mortar-calculator.mp4,https://tool-1-pied.vercel.app/pins/day28_masonry_mortar_mix.jpg,Concrete & Masonry Projects,Concrete-masonry,Ready
138,🛠️ STOP OVERPAYING FOR MATERIALS: How Many Tons Of Crushed Stone For A 10x20 Driveway?,"Planning a garden project? 🚚 Exact Order: 2.75 Tons Gravel. 200 Sq Ft × 0.25 ft = 50 Cu Ft (1.85 Cu Yds). Use our free, contractor-verified calculator with real-world material rounding & waste factor formulas. 🛠️ #DIY #Garden #HomeImprovement #CraftCalc #RemodelHacks #BuildingCalculators",https://tool-1-pied.vercel.app/calculators/garden/gravel-calculator,https://tool-1-pied.vercel.app/video_pins/video_gravel-calculator.mp4,https://tool-1-pied.vercel.app/pins/day06_gravel_driveway.jpg,Garden & Outdoor Living,Garden,Ready
139,🛠️ STOP OVERPAYING FOR MATERIALS: Pavers & Base Sand Estimator Avoid Mid-Project Stoppage!,"Planning a garden project? 🔨 Total: 192 Pavers + 3.7 Tons Base Materials. Base: 4"" Gravel Sub-base + 1"" Bedding Sand. Use our free, contractor-verified calculator with real-world material rounding & waste factor formulas. 🛠️ #DIY #Garden #HomeImprovement #CraftCalc #RemodelHacks #BuildingCalculators",https://tool-1-pied.vercel.app/calculators/garden/patio-calculator,https://tool-1-pied.vercel.app/video_pins/video_patio-calculator.mp4,https://tool-1-pied.vercel.app/pins/day07_paver_patio_sand.jpg,Garden & Outdoor Living,Garden,Ready
140,🛠️ STOP OVERPAYING FOR MATERIALS: How Many Bags or Yards of Mulch For Weed Prevention?,"Planning a garden project? 📦 Exact Order: 4 Yards Bulk or 50 Bags. Recommended Weed Barrier Depth: 3 Inches. Use our free, contractor-verified calculator with real-world material rounding & waste factor formulas. 🛠️ #DIY #Garden #HomeImprovement #CraftCalc #RemodelHacks #BuildingCalculators",https://tool-1-pied.vercel.app/calculators/garden/mulch-calculator,https://tool-1-pied.vercel.app/video_pins/video_mulch-calculator.mp4,https://tool-1-pied.vercel.app/pins/day09_mulch_garden_beds.jpg,Garden & Outdoor Living,Garden,Ready
141,🛠️ STOP OVERPAYING FOR MATERIALS: Raised Garden Bed Soil Formula: Cubic Feet to Bags Matrix,"Planning a garden project? 🪴 Order: 1.2 Cubic Yards Soil Mix. 32 Cubic Feet Volume Required. Use our free, contractor-verified calculator with real-world material rounding & waste factor formulas. 🛠️ #DIY #Garden #HomeImprovement #CraftCalc #RemodelHacks #BuildingCalculators",https://tool-1-pied.vercel.app/calculators/garden/soil-calculator,https://tool-1-pied.vercel.app/video_pins/video_soil-calculator.mp4,https://tool-1-pied.vercel.app/pins/day23_topsoil_raised_bed.jpg,Garden & Outdoor Living,Garden,Ready
142,"🛠️ STOP OVERPAYING FOR MATERIALS: How Many Sod Rolls For A 1,500 Sq Ft Lawn?","Planning a garden project? 🌱 Exact Order: 165 Rolls (3.3 Pallets). Standard Sod Roll: 2 ft × 5 ft (10 Sq Ft/Roll). Use our free, contractor-verified calculator with real-world material rounding & waste factor formulas. 🛠️ #DIY #Garden #HomeImprovement #CraftCalc #RemodelHacks #BuildingCalculators",https://tool-1-pied.vercel.app/calculators/garden/turf-calculator,https://tool-1-pied.vercel.app/video_pins/video_turf-calculator.mp4,https://tool-1-pied.vercel.app/pins/day13_sod_turf_lawn.jpg,Garden & Outdoor Living,Garden,Ready
143,"🛠️ STOP OVERPAYING FOR MATERIALS: Posts, Rails & Pickets Formula For A 100 ft Privacy Fence","Planning a garden project? 🔨 Pickets: 200 Dog-Ear Pickets (5.5"" wide). Post Spacing: 8 ft On-Center. Use our free, contractor-verified calculator with real-world material rounding & waste factor formulas. 🛠️ #DIY #Garden #HomeImprovement #CraftCalc #RemodelHacks #BuildingCalculators",https://tool-1-pied.vercel.app/calculators/garden/fence-calculator,https://tool-1-pied.vercel.app/video_pins/video_fence-calculator.mp4,https://tool-1-pied.vercel.app/pins/day10_wood_fence_materials.jpg,Garden & Outdoor Living,Garden,Ready
144,"🛠️ STOP OVERPAYING FOR MATERIALS: How To Measure Any Room: L-Shapes, Closets & Complex Walls","Planning a rooms project? 💡 Instant Imperial & Metric Breakdown. Section A (120 sq ft) + Section B (112 sq ft). Use our free, contractor-verified calculator with real-world material rounding & waste factor formulas. 🛠️ #DIY #Rooms #HomeImprovement #CraftCalc #RemodelHacks #BuildingCalculators",https://tool-1-pied.vercel.app/calculators/rooms/room-area-calculator,https://tool-1-pied.vercel.app/video_pins/video_room-area-calculator.mp4,https://tool-1-pied.vercel.app/pins/day08_room_sqft_area.jpg,Smart Home Measurements,Rooms,Ready
145,🛠️ STOP OVERPAYING FOR MATERIALS: Square Feet to Square Metres: 2-Way Fast Converter,"Planning a rooms project? ⚡ Instant Trade Conversion Free. 1 Sq Metre = 10.764 Square Feet. Use our free, contractor-verified calculator with real-world material rounding & waste factor formulas. 🛠️ #DIY #Rooms #HomeImprovement #CraftCalc #RemodelHacks #BuildingCalculators",https://tool-1-pied.vercel.app/calculators/rooms/square-metres-calculator,https://tool-1-pied.vercel.app/video_pins/video_square-metres-calculator.mp4,https://tool-1-pied.vercel.app/pins/day22_sqft_to_m2_converter.jpg,Smart Home Measurements,Rooms,Ready
146,🛠️ STOP OVERPAYING FOR MATERIALS: Pattern Repeat & Double Rolls: How Many Wallpaper Rolls?,"Planning a rooms project? 📦 Exact Order: 3 Double Rolls. Pattern Match Repeat: 21 Inches (Drop Match). Use our free, contractor-verified calculator with real-world material rounding & waste factor formulas. 🛠️ #DIY #Rooms #HomeImprovement #CraftCalc #RemodelHacks #BuildingCalculators",https://tool-1-pied.vercel.app/calculators/rooms/wallpaper-calculator,https://tool-1-pied.vercel.app/video_pins/video_wallpaper-calculator.mp4,https://tool-1-pied.vercel.app/pins/day14_wallpaper_repeat_rolls.jpg,Smart Home Measurements,Rooms,Ready
147,"🛠️ STOP OVERPAYING FOR MATERIALS: Net Wall Area Calculator: Subtracts Doors, Windows & Openings","Planning a rooms project? 📦 Exact Drywall & Paint Quantities. 2 Doors (42 sq ft) + 3 Windows (45 sq ft). Use our free, contractor-verified calculator with real-world material rounding & waste factor formulas. 🛠️ #DIY #Rooms #HomeImprovement #CraftCalc #RemodelHacks #BuildingCalculators",https://tool-1-pied.vercel.app/calculators/rooms/wall-area-calculator,https://tool-1-pied.vercel.app/video_pins/video_wall-area-calculator.mp4,https://tool-1-pied.vercel.app/pins/day15_drywall_wall_area.jpg,Smart Home Measurements,Rooms,Ready
148,🛠️ STOP OVERPAYING FOR MATERIALS: Skirting Board Perimeter Math With 45° Corner Miter Cuts,"Planning a rooms project? 📦 Exact Order: 5 Pieces (12 ft Lengths). Subtract 2 Door Openings (6 ft Total). Use our free, contractor-verified calculator with real-world material rounding & waste factor formulas. 🛠️ #DIY #Rooms #HomeImprovement #CraftCalc #RemodelHacks #BuildingCalculators",https://tool-1-pied.vercel.app/calculators/rooms/skirting-board-calculator,https://tool-1-pied.vercel.app/video_pins/video_skirting-board-calculator.mp4,https://tool-1-pied.vercel.app/pins/day18_skirting_baseboard_trim.jpg,Smart Home Measurements,Rooms,Ready
149,"🛠️ STOP OVERPAYING FOR MATERIALS: Contractor Measurement Converter: Feet, Inches, Metres & MM","Planning a conversions project? ⚡ 100% Free Online Trade Tool. 1 Metre = 3.28084 Feet (39.37 Inches). Use our free, contractor-verified calculator with real-world material rounding & waste factor formulas. 🛠️ #DIY #Conversions #HomeImprovement #CraftCalc #RemodelHacks #BuildingCalculators",https://tool-1-pied.vercel.app/calculators/conversions/feet-to-metres,https://tool-1-pied.vercel.app/video_pins/video_feet-to-metres.mp4,https://tool-1-pied.vercel.app/pins/day29_feet_meters_trade_converter.jpg,Smart Home Measurements,Conversions,Ready
150,🛠️ STOP OVERPAYING FOR MATERIALS: Area Unit Conversion Matrix: Sq Ft to Sq Metres to Acres,"Planning a conversions project? ⚡ Instant Free Calculations. 1,000 Sq Ft = 92.90 m² | 1 Acre = 43,560 Sq Ft. Use our free, contractor-verified calculator with real-world material rounding & waste factor formulas. 🛠️ #DIY #Conversions #HomeImprovement #CraftCalc #RemodelHacks #BuildingCalculators",https://tool-1-pied.vercel.app/calculators/conversions/square-feet-to-m2,https://tool-1-pied.vercel.app/video_pins/video_square-feet-to-m2.mp4,https://tool-1-pied.vercel.app/pins/day22_sqft_to_m2_converter.jpg,Smart Home Measurements,Conversions,Ready
151,🏡 EXACT RENOVATION FORMULA: How Many Boxes Of Flooring Do You REALLY Need?,"Planning a flooring project? 📦 Exact Order: 9 Full Boxes (Zero Shortage). 12 ft × 15 ft = 180 Sq Ft (8.1 Boxes). Use our free, contractor-verified calculator with real-world material rounding & waste factor formulas. 🛠️ #DIY #Flooring #HomeImprovement #CraftCalc #RemodelHacks #BuildingCalculators",https://tool-1-pied.vercel.app/calculators/flooring/flooring-calculator,https://tool-1-pied.vercel.app/video_pins/video_flooring-calculator.mp4,https://tool-1-pied.vercel.app/pins/day01_flooring_boxes.jpg,DIY Flooring & Tile Ideas,Flooring,Ready
152,🏡 EXACT RENOVATION FORMULA: Stop Buying The Wrong Number of Tiles & Grout!,"Planning a flooring project? 📦 Order: 35 Tiles + 1 Bag Mortar. 60 Sq Ft Backsplash with 12x24 Tiles. Use our free, contractor-verified calculator with real-world material rounding & waste factor formulas. 🛠️ #DIY #Flooring #HomeImprovement #CraftCalc #RemodelHacks #BuildingCalculators",https://tool-1-pied.vercel.app/calculators/flooring/tile-calculator,https://tool-1-pied.vercel.app/video_pins/video_tile-calculator.mp4,https://tool-1-pied.vercel.app/pins/day02_tile_grout_mortar.jpg,Bathroom & Kitchen Tiling,Flooring,Ready
153,"🏡 EXACT RENOVATION FORMULA: Laminate Planks & Foam Roll Formula with 3/8"" Gap","Planning a flooring project? 📦 Exact Order: 15 Packs + 4 Underlayment Rolls. 320 Sq Ft Area (Requires Underlayment). Use our free, contractor-verified calculator with real-world material rounding & waste factor formulas. 🛠️ #DIY #Flooring #HomeImprovement #CraftCalc #RemodelHacks #BuildingCalculators",https://tool-1-pied.vercel.app/calculators/flooring/laminate-calculator,https://tool-1-pied.vercel.app/video_pins/video_laminate-calculator.mp4,https://tool-1-pied.vercel.app/pins/day03_laminate_underlayment.jpg,Laminate & Vinyl,Flooring,Ready
154,🏡 EXACT RENOVATION FORMULA: Exact LVP Cartons Needed With Click-Lock Overlap,"Planning a flooring project? 📦 Exact Order: 14 Whole Cartons. Plank Size: 7"" × 48"" (2.33 Sq Ft/Plank). Use our free, contractor-verified calculator with real-world material rounding & waste factor formulas. 🛠️ #DIY #Flooring #HomeImprovement #CraftCalc #RemodelHacks #BuildingCalculators",https://tool-1-pied.vercel.app/calculators/flooring/vinyl-flooring-calculator,https://tool-1-pied.vercel.app/video_pins/video_vinyl-flooring-calculator.mp4,https://tool-1-pied.vercel.app/pins/day11_vinyl_plank_lvp.jpg,DIY Flooring & Tile Ideas,Flooring,Ready
155,🏡 EXACT RENOVATION FORMULA: Square Feet to Square Yards Carpet Roll Calculator,"Planning a flooring project? 📦 Order: 30 Sq Yds Carpet + 30 Yds Pad. Standard Roll Width: 12 ft Seamless. Use our free, contractor-verified calculator with real-world material rounding & waste factor formulas. 🛠️ #DIY #Flooring #HomeImprovement #CraftCalc #RemodelHacks #BuildingCalculators",https://tool-1-pied.vercel.app/calculators/flooring/carpet-calculator,https://tool-1-pied.vercel.app/video_pins/video_carpet-calculator.mp4,https://tool-1-pied.vercel.app/pins/day17_carpet_square_yards.jpg,DIY Flooring & Tile Ideas,Flooring,Ready
156,🏡 EXACT RENOVATION FORMULA: Straight vs Diagonal Flooring Exact Waste Percentage Cheat Sheet,"Planning a flooring project? 💡 Never Stop Mid-Project With Shortages. Diagonal / Herringbone: 15-20% Buffer. Use our free, contractor-verified calculator with real-world material rounding & waste factor formulas. 🛠️ #DIY #Flooring #HomeImprovement #CraftCalc #RemodelHacks #BuildingCalculators",https://tool-1-pied.vercel.app/calculators/flooring/flooring-waste-calculator,https://tool-1-pied.vercel.app/video_pins/video_flooring-waste-calculator.mp4,https://tool-1-pied.vercel.app/pins/day20_flooring_waste_guide.jpg,DIY Flooring & Tile Ideas,Flooring,Ready
157,🏡 EXACT RENOVATION FORMULA: How Many Gallons of Paint For Your Living Room?,"Planning a painting project? 🖌️ Exact Order: 2.5 → 3 Gallons + 1 Primer. 512 Sq Ft Walls - 2 Doors & 2 Windows. Use our free, contractor-verified calculator with real-world material rounding & waste factor formulas. 🛠️ #DIY #Painting #HomeImprovement #CraftCalc #RemodelHacks #BuildingCalculators",https://tool-1-pied.vercel.app/calculators/painting/paint-calculator,https://tool-1-pied.vercel.app/video_pins/video_paint-calculator.mp4,https://tool-1-pied.vercel.app/pins/day04_paint_gallons.jpg,Painting & Wall Decor,Painting,Ready
158,🏡 EXACT RENOVATION FORMULA: Exact Wall Paint Cans Minus Doors & Windows!,"Planning a painting project? 📦 Exact Order: 2 Gallons Eggshell Finish. 480 Gross Sq Ft - 60 Sq Ft Openings = 420 Sq Ft. Use our free, contractor-verified calculator with real-world material rounding & waste factor formulas. 🛠️ #DIY #Painting #HomeImprovement #CraftCalc #RemodelHacks #BuildingCalculators",https://tool-1-pied.vercel.app/calculators/painting/wall-paint-calculator,https://tool-1-pied.vercel.app/video_pins/video_wall-paint-calculator.mp4,https://tool-1-pied.vercel.app/pins/day04_paint_gallons.jpg,Painting & Wall Decor,Painting,Ready
159,🏡 EXACT RENOVATION FORMULA: Flat White Ceiling Paint Textured & Drywall Math,"Planning a painting project? 📦 Order: 2 Gallons Flat Ceiling Paint. 320 Sq Ft Smooth Ceiling Surface. Use our free, contractor-verified calculator with real-world material rounding & waste factor formulas. 🛠️ #DIY #Painting #HomeImprovement #CraftCalc #RemodelHacks #BuildingCalculators",https://tool-1-pied.vercel.app/calculators/painting/ceiling-paint-calculator,https://tool-1-pied.vercel.app/video_pins/video_ceiling-paint-calculator.mp4,https://tool-1-pied.vercel.app/pins/day19_ceiling_paint_sloped.jpg,Painting & Wall Decor,Painting,Ready
160,🏡 EXACT RENOVATION FORMULA: Raw Drywall & Stains: How Much Primer Do You Need?,"Planning a painting project? 📦 Order: 2 Gallons High-Hide PVA Primer. High-Absorption Porous Plaster. Use our free, contractor-verified calculator with real-world material rounding & waste factor formulas. 🛠️ #DIY #Painting #HomeImprovement #CraftCalc #RemodelHacks #BuildingCalculators",https://tool-1-pied.vercel.app/calculators/painting/primer-calculator,https://tool-1-pied.vercel.app/video_pins/video_primer-calculator.mp4,https://tool-1-pied.vercel.app/pins/day25_primer_sealer_paint.jpg,Painting & Wall Decor,Painting,Ready
161,🏡 EXACT RENOVATION FORMULA: 1 Gallon = How Many Sq Ft? Paint Spread Rate Cheat Sheet,"Planning a painting project? 💡 Calculate Exact Coverage in Seconds. Rough Masonry / Stucco: 200 Sq Ft / Gallon. Use our free, contractor-verified calculator with real-world material rounding & waste factor formulas. 🛠️ #DIY #Painting #HomeImprovement #CraftCalc #RemodelHacks #BuildingCalculators",https://tool-1-pied.vercel.app/calculators/painting/paint-coverage-calculator,https://tool-1-pied.vercel.app/video_pins/video_paint-coverage-calculator.mp4,https://tool-1-pied.vercel.app/pins/day04_paint_gallons.jpg,Painting & Wall Decor,Painting,Ready
162,🏡 EXACT RENOVATION FORMULA: How Many Bags Of Concrete For A 10x10 Patio Slab?,"Planning a concrete-masonry project? 🏗️ Exact Order: 59 Bags (80 lb). 100 Sq Ft × 0.33 ft = 1.23 Cubic Yards. Use our free, contractor-verified calculator with real-world material rounding & waste factor formulas. 🛠️ #DIY #Concrete-masonry #HomeImprovement #CraftCalc #RemodelHacks #BuildingCalculators",https://tool-1-pied.vercel.app/calculators/concrete-masonry/concrete-calculator,https://tool-1-pied.vercel.app/video_pins/video_concrete-calculator.mp4,https://tool-1-pied.vercel.app/pins/day05_concrete_yards_bags.jpg,Concrete & Masonry Projects,Concrete-masonry,Ready
163,🏡 EXACT RENOVATION FORMULA: Concrete Slab Yardage Matrix: Volume & Bags Estimator,"Planning a concrete-masonry project? 📦 Exact Order: 6 Cu Yds Ready-Mix. 288 Sq Ft × 0.50 ft = 5.33 Cubic Yards. Use our free, contractor-verified calculator with real-world material rounding & waste factor formulas. 🛠️ #DIY #Concrete-masonry #HomeImprovement #CraftCalc #RemodelHacks #BuildingCalculators",https://tool-1-pied.vercel.app/calculators/concrete-masonry/concrete-slab-calculator,https://tool-1-pied.vercel.app/video_pins/video_concrete-slab-calculator.mp4,https://tool-1-pied.vercel.app/pins/day05_concrete_yards_bags.jpg,Concrete & Masonry Projects,Concrete-masonry,Ready
164,🏡 EXACT RENOVATION FORMULA: How Many Bags Per Yard? Exact Concrete Bag Converter,"Planning a concrete-masonry project? 💡 Instant Conversion Matrix Free. 80 lb Bag = 0.60 Cu Ft | 60 lb Bag = 0.45 Cu Ft. Use our free, contractor-verified calculator with real-world material rounding & waste factor formulas. 🛠️ #DIY #Concrete-masonry #HomeImprovement #CraftCalc #RemodelHacks #BuildingCalculators",https://tool-1-pied.vercel.app/calculators/concrete-masonry/concrete-bags-calculator,https://tool-1-pied.vercel.app/video_pins/video_concrete-bags-calculator.mp4,https://tool-1-pied.vercel.app/pins/day05_concrete_yards_bags.jpg,Concrete & Masonry Projects,Concrete-masonry,Ready
165,🏡 EXACT RENOVATION FORMULA: How Many Standard Bricks For A 10x6 Garden Wall?,"Planning a concrete-masonry project? 📦 Order: 445 Bricks + 6 Bags Mortar. Standard Modular Brick (3/8"" Mortar Joint). Use our free, contractor-verified calculator with real-world material rounding & waste factor formulas. 🛠️ #DIY #Concrete-masonry #HomeImprovement #CraftCalc #RemodelHacks #BuildingCalculators",https://tool-1-pied.vercel.app/calculators/concrete-masonry/brick-calculator,https://tool-1-pied.vercel.app/video_pins/video_brick-calculator.mp4,https://tool-1-pied.vercel.app/pins/day12_brick_mortar_wall.jpg,Concrete & Masonry Projects,Concrete-masonry,Ready
166,🏡 EXACT RENOVATION FORMULA: Exact 8x8x16 Cinder Blocks For Foundations & Retaining Walls,"Planning a concrete-masonry project? 📦 Exact Order: 190 Cinder Blocks. 160 Sq Ft Wall Surface Area. Use our free, contractor-verified calculator with real-world material rounding & waste factor formulas. 🛠️ #DIY #Concrete-masonry #HomeImprovement #CraftCalc #RemodelHacks #BuildingCalculators",https://tool-1-pied.vercel.app/calculators/concrete-masonry/block-calculator,https://tool-1-pied.vercel.app/video_pins/video_block-calculator.mp4,https://tool-1-pied.vercel.app/pins/day16_cinder_block_cmu.jpg,Concrete & Masonry Projects,Concrete-masonry,Ready
167,🏡 EXACT RENOVATION FORMULA: How Many Bags of Mortar For Bricks and Cinder Blocks?,"Planning a concrete-masonry project? 📦 Never Stop Mid-Wall With Dry Mix. Requires 3 Bags Type S Mortar (80 lb each). Use our free, contractor-verified calculator with real-world material rounding & waste factor formulas. 🛠️ #DIY #Concrete-masonry #HomeImprovement #CraftCalc #RemodelHacks #BuildingCalculators",https://tool-1-pied.vercel.app/calculators/concrete-masonry/mortar-calculator,https://tool-1-pied.vercel.app/video_pins/video_mortar-calculator.mp4,https://tool-1-pied.vercel.app/pins/day28_masonry_mortar_mix.jpg,Concrete & Masonry Projects,Concrete-masonry,Ready
168,🏡 EXACT RENOVATION FORMULA: How Many Tons Of Crushed Stone For A 10x20 Driveway?,"Planning a garden project? 🚚 Exact Order: 2.75 Tons Gravel. 200 Sq Ft × 0.25 ft = 50 Cu Ft (1.85 Cu Yds). Use our free, contractor-verified calculator with real-world material rounding & waste factor formulas. 🛠️ #DIY #Garden #HomeImprovement #CraftCalc #RemodelHacks #BuildingCalculators",https://tool-1-pied.vercel.app/calculators/garden/gravel-calculator,https://tool-1-pied.vercel.app/video_pins/video_gravel-calculator.mp4,https://tool-1-pied.vercel.app/pins/day06_gravel_driveway.jpg,Garden & Outdoor Living,Garden,Ready
169,🏡 EXACT RENOVATION FORMULA: Pavers & Base Sand Estimator Avoid Mid-Project Stoppage!,"Planning a garden project? 🔨 Total: 192 Pavers + 3.7 Tons Base Materials. Base: 4"" Gravel Sub-base + 1"" Bedding Sand. Use our free, contractor-verified calculator with real-world material rounding & waste factor formulas. 🛠️ #DIY #Garden #HomeImprovement #CraftCalc #RemodelHacks #BuildingCalculators",https://tool-1-pied.vercel.app/calculators/garden/patio-calculator,https://tool-1-pied.vercel.app/video_pins/video_patio-calculator.mp4,https://tool-1-pied.vercel.app/pins/day07_paver_patio_sand.jpg,Garden & Outdoor Living,Garden,Ready
170,🏡 EXACT RENOVATION FORMULA: How Many Bags or Yards of Mulch For Weed Prevention?,"Planning a garden project? 📦 Exact Order: 4 Yards Bulk or 50 Bags. Recommended Weed Barrier Depth: 3 Inches. Use our free, contractor-verified calculator with real-world material rounding & waste factor formulas. 🛠️ #DIY #Garden #HomeImprovement #CraftCalc #RemodelHacks #BuildingCalculators",https://tool-1-pied.vercel.app/calculators/garden/mulch-calculator,https://tool-1-pied.vercel.app/video_pins/video_mulch-calculator.mp4,https://tool-1-pied.vercel.app/pins/day09_mulch_garden_beds.jpg,Garden & Outdoor Living,Garden,Ready
171,🏡 EXACT RENOVATION FORMULA: Raised Garden Bed Soil Formula: Cubic Feet to Bags Matrix,"Planning a garden project? 🪴 Order: 1.2 Cubic Yards Soil Mix. 32 Cubic Feet Volume Required. Use our free, contractor-verified calculator with real-world material rounding & waste factor formulas. 🛠️ #DIY #Garden #HomeImprovement #CraftCalc #RemodelHacks #BuildingCalculators",https://tool-1-pied.vercel.app/calculators/garden/soil-calculator,https://tool-1-pied.vercel.app/video_pins/video_soil-calculator.mp4,https://tool-1-pied.vercel.app/pins/day23_topsoil_raised_bed.jpg,Garden & Outdoor Living,Garden,Ready
172,"🏡 EXACT RENOVATION FORMULA: How Many Sod Rolls For A 1,500 Sq Ft Lawn?","Planning a garden project? 🌱 Exact Order: 165 Rolls (3.3 Pallets). Standard Sod Roll: 2 ft × 5 ft (10 Sq Ft/Roll). Use our free, contractor-verified calculator with real-world material rounding & waste factor formulas. 🛠️ #DIY #Garden #HomeImprovement #CraftCalc #RemodelHacks #BuildingCalculators",https://tool-1-pied.vercel.app/calculators/garden/turf-calculator,https://tool-1-pied.vercel.app/video_pins/video_turf-calculator.mp4,https://tool-1-pied.vercel.app/pins/day13_sod_turf_lawn.jpg,Garden & Outdoor Living,Garden,Ready
173,"🏡 EXACT RENOVATION FORMULA: Posts, Rails & Pickets Formula For A 100 ft Privacy Fence","Planning a garden project? 🔨 Pickets: 200 Dog-Ear Pickets (5.5"" wide). Post Spacing: 8 ft On-Center. Use our free, contractor-verified calculator with real-world material rounding & waste factor formulas. 🛠️ #DIY #Garden #HomeImprovement #CraftCalc #RemodelHacks #BuildingCalculators",https://tool-1-pied.vercel.app/calculators/garden/fence-calculator,https://tool-1-pied.vercel.app/video_pins/video_fence-calculator.mp4,https://tool-1-pied.vercel.app/pins/day10_wood_fence_materials.jpg,Garden & Outdoor Living,Garden,Ready
174,"🏡 EXACT RENOVATION FORMULA: How To Measure Any Room: L-Shapes, Closets & Complex Walls","Planning a rooms project? 💡 Instant Imperial & Metric Breakdown. Section A (120 sq ft) + Section B (112 sq ft). Use our free, contractor-verified calculator with real-world material rounding & waste factor formulas. 🛠️ #DIY #Rooms #HomeImprovement #CraftCalc #RemodelHacks #BuildingCalculators",https://tool-1-pied.vercel.app/calculators/rooms/room-area-calculator,https://tool-1-pied.vercel.app/video_pins/video_room-area-calculator.mp4,https://tool-1-pied.vercel.app/pins/day08_room_sqft_area.jpg,Smart Home Measurements,Rooms,Ready
175,🏡 EXACT RENOVATION FORMULA: Square Feet to Square Metres: 2-Way Fast Converter,"Planning a rooms project? ⚡ Instant Trade Conversion Free. 1 Sq Metre = 10.764 Square Feet. Use our free, contractor-verified calculator with real-world material rounding & waste factor formulas. 🛠️ #DIY #Rooms #HomeImprovement #CraftCalc #RemodelHacks #BuildingCalculators",https://tool-1-pied.vercel.app/calculators/rooms/square-metres-calculator,https://tool-1-pied.vercel.app/video_pins/video_square-metres-calculator.mp4,https://tool-1-pied.vercel.app/pins/day22_sqft_to_m2_converter.jpg,Smart Home Measurements,Rooms,Ready
176,🏡 EXACT RENOVATION FORMULA: Pattern Repeat & Double Rolls: How Many Wallpaper Rolls?,"Planning a rooms project? 📦 Exact Order: 3 Double Rolls. Pattern Match Repeat: 21 Inches (Drop Match). Use our free, contractor-verified calculator with real-world material rounding & waste factor formulas. 🛠️ #DIY #Rooms #HomeImprovement #CraftCalc #RemodelHacks #BuildingCalculators",https://tool-1-pied.vercel.app/calculators/rooms/wallpaper-calculator,https://tool-1-pied.vercel.app/video_pins/video_wallpaper-calculator.mp4,https://tool-1-pied.vercel.app/pins/day14_wallpaper_repeat_rolls.jpg,Smart Home Measurements,Rooms,Ready
177,"🏡 EXACT RENOVATION FORMULA: Net Wall Area Calculator: Subtracts Doors, Windows & Openings","Planning a rooms project? 📦 Exact Drywall & Paint Quantities. 2 Doors (42 sq ft) + 3 Windows (45 sq ft). Use our free, contractor-verified calculator with real-world material rounding & waste factor formulas. 🛠️ #DIY #Rooms #HomeImprovement #CraftCalc #RemodelHacks #BuildingCalculators",https://tool-1-pied.vercel.app/calculators/rooms/wall-area-calculator,https://tool-1-pied.vercel.app/video_pins/video_wall-area-calculator.mp4,https://tool-1-pied.vercel.app/pins/day15_drywall_wall_area.jpg,Smart Home Measurements,Rooms,Ready
178,🏡 EXACT RENOVATION FORMULA: Skirting Board Perimeter Math With 45° Corner Miter Cuts,"Planning a rooms project? 📦 Exact Order: 5 Pieces (12 ft Lengths). Subtract 2 Door Openings (6 ft Total). Use our free, contractor-verified calculator with real-world material rounding & waste factor formulas. 🛠️ #DIY #Rooms #HomeImprovement #CraftCalc #RemodelHacks #BuildingCalculators",https://tool-1-pied.vercel.app/calculators/rooms/skirting-board-calculator,https://tool-1-pied.vercel.app/video_pins/video_skirting-board-calculator.mp4,https://tool-1-pied.vercel.app/pins/day18_skirting_baseboard_trim.jpg,Smart Home Measurements,Rooms,Ready
179,"🏡 EXACT RENOVATION FORMULA: Contractor Measurement Converter: Feet, Inches, Metres & MM","Planning a conversions project? ⚡ 100% Free Online Trade Tool. 1 Metre = 3.28084 Feet (39.37 Inches). Use our free, contractor-verified calculator with real-world material rounding & waste factor formulas. 🛠️ #DIY #Conversions #HomeImprovement #CraftCalc #RemodelHacks #BuildingCalculators",https://tool-1-pied.vercel.app/calculators/conversions/feet-to-metres,https://tool-1-pied.vercel.app/video_pins/video_feet-to-metres.mp4,https://tool-1-pied.vercel.app/pins/day29_feet_meters_trade_converter.jpg,Smart Home Measurements,Conversions,Ready
180,🏡 EXACT RENOVATION FORMULA: Area Unit Conversion Matrix: Sq Ft to Sq Metres to Acres,"Planning a conversions project? ⚡ Instant Free Calculations. 1,000 Sq Ft = 92.90 m² | 1 Acre = 43,560 Sq Ft. Use our free, contractor-verified calculator with real-world material rounding & waste factor formulas. 🛠️ #DIY #Conversions #HomeImprovement #CraftCalc #RemodelHacks #BuildingCalculators",https://tool-1-pied.vercel.app/calculators/conversions/square-feet-to-m2,https://tool-1-pied.vercel.app/video_pins/video_square-feet-to-m2.mp4,https://tool-1-pied.vercel.app/pins/day22_sqft_to_m2_converter.jpg,Smart Home Measurements,Conversions,Ready
